0,0,8.3979333251e-03
0,1,1.0983306376e-03
0,2,-7.4046249103e-04
0,3,5.5932538385e-07
0,4,1.6018202766e-07
0,5,-3.2865020213e-03
0,30,-1.8699062368e-04
0,31,3.1982534166e-04
0,32,-4.0243089708e-04
0,33,-3.1298144825e-08
0,34,5.2377847670e-08
0,35,1.3851825717e-04
0,36,-1.8296755458e-04
0,37,-1.2757739364e-04
0,38,3.3522985390e-05
0,39,-2.0876708023e-04
0,40,-1.0966496186e-04
0,41,-8.4157808650e-05
0,60,-1.0481019660e-04
0,61,1.2673012353e-04
0,62,-6.3574027947e-05
0,63,-1.2682592693e-04
0,64,1.4465948165e-04
0,65,-6.4297364556e-05
0,72,-1.0478037554e-04
0,73,1.2671224541e-04
0,74,-6.3601241441e-05
0,75,1.2680609825e-04
0,76,-1.4466438845e-04
0,77,-6.4317001122e-05
0,90,-1.1525624755e-04
0,91,-1.9737840520e-04
0,92,-2.4900212119e-04
0,93,2.1361558467e-08
0,94,3.4157365276e-08
0,95,1.0794893180e-04
0,108,-1.8294531095e-04
0,109,-1.2753325451e-04
0,110,3.3541245835e-05
0,111,2.0878971549e-04
0,112,1.0966350728e-04
0,113,-8.4249224368e-05
1,0,1.0983306376e-03
1,1,7.7682188227e-03
1,2,6.7992936489e-04
1,3,1.6018202766e-07
1,4,9.5988562530e-07
1,5,5.4783577249e-04
1,30,-3.2042597362e-04
1,31,5.4797606348e-04
1,32,-6.8931393885e-04
1,33,-5.4613536805e-08
1,34,9.1420100667e-08
1,35,2.3736402647e-04
1,36,1.0583896025e-04
1,37,2.3775435984e-06
1,38,-1.3074661577e-04
1,39,1.6071661404e-04
1,40,9.8029793488e-06
1,41,1.5061699216e-04
1,60,-1.1816713061e-04
1,61,1.3272752088e-04
1,62,-4.4224475068e-05
1,63,-1.5334967287e-04
1,64,1.6333648628e-04
1,65,-1.0052506175e-04
1,72,-1.1815693113e-04
1,73,1.3274394200e-04
1,74,-4.4287752036e-05
1,75,1.5334615986e-04
1,76,-1.6337307454e-04
1,77,-1.0053945706e-04
1,90,1.9712271693e-04
1,91,3.3752769566e-04
1,92,4.2568033991e-04
1,93,-3.9222855580e-08
1,94,-6.3013680077e-08
1,95,-1.8462501643e-04
1,108,1.0577039430e-04
1,109,2.3040539989e-06
1,110,-1.3073620401e-04
1,111,-1.6064648654e-04
1,112,-9.7196343084e-06
1,113,1.5061751479e-04
2,0,-7.4046249103e-04
2,1,6.7992936489e-04
2,2,8.8080234567e-03
2,3,4.4534712193e-07
2,4,1.9512424703e-07
2,5,-1.6068164728e-03
2,30,-4.0475708894e-04
2,31,6.9199996746e-04
2,32,-8.6997599142e-04
2,33,-7.1507249562e-08
2,34,1.1975750666e-07
2,35,2.9983453271e-04
2,36,4.7146475805e-05
2,37,1.2525461315e-04
2,38,1.0749440818e-04
2,39,2.1163292587e-06
2,40,1.1156967856e-04
2,41,-1.1886403041e-04
2,60,-4.5323252223e-05
2,61,2.9205452950e-05
2,62,4.0726940844e-05
2,63,-8.0963387373e-05
2,64,6.2266022424e-05
2,65,-9.9491485158e-05
2,72,-4.5360556420e-05
2,73,2.9274164911e-05
2,74,4.0653404100e-05
2,75,8.0996782528e-05
2,76,-6.2335638914e-05
2,77,-9.9487446339e-05
2,90,-2.4801195366e-04
2,91,-4.2453705579e-04
2,92,-5.3508278583e-04
2,93,5.6246743548e-08
2,94,9.1067787836e-08
2,95,2.3228784159e-04
2,108,4.7196012965e-05
2,109,1.2524494671e-04
2,110,1.0737934083e-04
2,111,-2.2378457523e-06
2,112,-1.1162602492e-04
2,113,-1.1870359317e-04
3,0,5.5932538385e-07
3,1,1.6018202766e-07
3,2,4.4534712193e-07
3,3,5.4804104833e-03
3,4,1.5911117114e-03
3,5,2.7470517372e-07
3,30,-2.1589378985e-08
3,31,3.5887437752e-08
3,32,-4.2491198029e-08
3,33,-5.6887621145e-05
3,34,9.7299546115e-05
3,35,-5.2983630609e-09
3,36,2.1554916413e-04
3,37,1.8388671387e-04
3,38,1.2880155915e-05
3,39,2.2706290719e-04
3,40,1.5435570774e-04
3,41,5.0972360989e-05
3,60,1.3678553013e-04
3,61,-1.7246359285e-04
3,62,1.0208611636e-04
3,63,1.5822256891e-04
3,64,-1.8852646398e-04
3,65,6.4172931896e-05
3,72,-1.3675874942e-04
3,73,1.7244950230e-04
3,74,-1.0211704099e-04
3,75,1.5821770664e-04
3,76,-1.8855052793e-04
3,77,-6.4220598546e-05
3,90,-2.9456926166e-08
3,91,-5.2716627229e-08
3,92,-7.2335944171e-08
3,93,-1.7596523355e-05
3,94,-3.0134364199e-05
3,95,3.4881906875e-08
3,108,-2.1556949325e-04
3,109,-1.8385218967e-04
3,110,-1.2815032036e-05
3,111,2.2716271210e-04
3,112,1.5439054468e-04
3,113,-5.1141522962e-05
4,0,1.6018202766e-07
4,1,9.5988562530e-07
4,2,1.9512424703e-07
4,3,1.5911117114e-03
4,4,3.5484291240e-03
4,5,3.7290388361e-07
4,30,-3.7881588962e-08
4,31,6.3003579957e-08
4,32,-7.4687472433e-08
4,33,-9.7482275222e-05
4,34,1.6670918609e-04
4,35,-8.6894590739e-09
4,36,-8.7172394542e-05
4,37,3.9257055264e-06
4,38,1.2857910335e-04
4,39,-1.3561024342e-04
4,40,-9.5051875728e-06
4,41,-1.2861747744e-04
4,60,1.4569706470e-04
4,61,-1.7088895943e-04
4,62,7.3488066952e-05
4,63,1.8159760835e-04
4,64,-2.0166852820e-04
4,65,1.0306210762e-04
4,72,-1.4570500933e-04
4,73,1.7092889123e-04
4,74,-7.3568270548e-05
4,75,1.8162412802e-04
4,76,-2.0174207883e-04
4,77,-1.0310711011e-04
4,90,4.7839939250e-08
4,91,8.5798419987e-08
4,92,1.1817716265e-07
4,93,3.0095327074e-05
4,94,5.1531384177e-05
4,95,-5.7645202267e-08
4,108,8.7137525949e-05
4,109,-4.0114558375e-06
4,110,-1.2863291461e-04
4,111,-1.3559766169e-04
4,112,-9.4109960507e-06
4,113,1.2868739770e-04
5,0,-3.2865020213e-03
5,1,5.4783577249e-04
5,2,-1.6068164728e-03
5,3,2.7470517372e-07
5,4,3.7290388361e-07
5,5,6.0682245556e-03
5,30,1.5171789099e-04
5,31,-2.5949550527e-04
5,32,3.2651887011e-04
5,33,1.0707599140e-08
5,34,-1.7660092615e-08
5,35,-1.2969580731e-04
5,36,-9.9020821300e-05
5,37,-1.5753068410e-04
5,38,-1.2596956979e-04
5,39,-6.3246918225e-05
5,40,-1.2252285208e-04
5,41,7.9391711485e-05
5,60,-8.9027993236e-05
5,61,1.2828106309e-04
5,62,-1.1026077063e-04
5,63,-8.6438530936e-05
5,64,1.2165931370e-04
5,65,2.4801444982e-06
5,72,-8.9034375899e-05
5,73,1.2829019223e-04
5,74,-1.1027259108e-04
5,75,8.6476641103e-05
5,76,-1.2171042550e-04
5,77,2.4072752202e-06
5,90,1.1035153915e-04
5,91,1.8897900220e-04
5,92,2.3840587674e-04
5,93,-3.0508745714e-08
5,94,-5.0234373622e-08
5,95,-1.0604169735e-04
5,108,-9.9112448190e-05
5,109,-1.5755873961e-04
5,110,-1.2587330361e-04
5,111,6.3419517840e-05
5,112,1.2262561255e-04
5,113,7.9220312415e-05
6,6,7.2613932481e-03
6,7,-1.0861924447e-03
6,8,9.4244812537e-04
6,9,-1.8765905053e-04
6,10,-1.1945107332e-04
6,11,-1.7090060769e-03
6,42,-2.2340025335e-04
6,43,1.0809191749e-04
6,44,6.2460548803e-05
6,45,3.0326665701e-04
6,46,-1.1391398224e-04
6,47,-2.2084395271e-04
6,78,-2.3280810863e-04
6,79,9.5731834594e-05
6,80,6.5750104077e-05
6,81,-3.1876398170e-04
6,82,9.6223684763e-05
6,83,-2.3763535636e-04
6,102,-1.9532866962e-04
6,103,3.2995645717e-04
6,104,-4.0474500047e-04
6,105,1.9492010194e-05
6,106,-3.1385557548e-05
6,107,1.4580502901e-04
7,6,-1.0861924447e-03
7,7,8.1418070160e-03
7,8,-1.3092832158e-03
7,9,-1.1945107332e-04
7,10,-2.3285980931e-04
7,11,-1.3679801559e-03
7,42,7.5123978819e-06
7,43,-1.6150980398e-04
7,44,1.6870748184e-04
7,45,3.4712422735e-05
7,46,1.9641677296e-04
7,47,-1.2889694374e-04
7,78,1.1232668662e-06
7,79,-1.7751014212e-04
7,80,1.6247549560e-04
7,81,-4.4244037011e-05
7,82,-2.2405548823e-04
7,83,-1.3902096508e-04
7,102,-3.2863333134e-04
7,103,5.5501637837e-04
7,104,-6.8049965821e-04
7,105,3.4576749336e-05
7,106,-5.5803182461e-05
7,107,2.4491395245e-04
8,6,9.4244812537e-04
8,7,-1.3092832158e-03
8,8,8.9094551312e-03
8,9,-4.9499440863e-05
8,10,-1.7426850966e-04
8,11,2.7224909941e-05
8,42,7.6945685205e-06
8,43,8.1480819908e-06
8,44,-1.2657519910e-04
8,45,-1.3822722349e-05
8,46,1.7806254709e-05
8,47,8.8456761289e-06
8,78,9.7090304546e-20
8,79,1.9100791973e-06
8,80,-1.3640911762e-04
8,81,4.9419653964e-07
8,82,-2.8704808376e-05
8,83,-7.4754209896e-06
8,102,-3.9974536343e-04
8,103,6.7479710292e-04
8,104,-8.2654247203e-04
8,105,4.6595509607e-05
8,106,-7.5508180749e-05
8,107,2.9688162966e-04
9,6,-1.8765905053e-04
9,7,-1.1945107332e-04
9,8,-4.9499440863e-05
9,9,5.7575682770e-03
9,10,-2.3132347491e-03
9,11,-1.8589130015e-04
9,42,-3.0765320113e-04
9,43,1.7992166557e-04
9,44,5.2408235761e-05
9,45,4.0870434687e-04
9,46,-1.9472056137e-04
9,47,-2.7700382732e-04
9,78,3.3080905144e-04
9,79,-1.6588174514e-04
9,80,-6.5979979707e-05
9,81,4.4512352704e-04
9,82,-1.7438394336e-04
9,83,3.1370715676e-04
9,102,8.5350164747e-06
9,103,-1.2689840330e-05
9,104,1.1159224825e-05
9,105,-7.1563084865e-05
9,106,1.2064726733e-04
9,107,9.4074218153e-06
10,6,-1.1945107332e-04
10,7,-2.3285980931e-04
10,8,-1.7426850966e-04
10,9,-2.3132347491e-03
10,10,6.6483724518e-03
10,11,-1.2660153765e-05
10,42,5.2951736972e-05
10,43,-2.4408118352e-04
10,44,2.4117060447e-04
10,45,-9.7346601294e-06
10,46,2.8843470304e-04
10,47,-1.3467027981e-04
10,78,-4.0892384890e-05
10,79,2.6853632465e-04
10,80,-2.4019353883e-04
10,81,9.1004625049e-06
10,82,3.3002724321e-04
10,83,1.5614288654e-04
10,102,1.6364127168e-05
10,103,-2.4730557925e-05
10,104,2.2909739826e-05
10,105,-1.2068015050e-04
10,106,2.0339622427e-04
10,107,1.4925294319e-05
11,6,-1.7090060769e-03
11,7,-1.3679801559e-03
11,8,2.7224909941e-05
11,9,-1.8589130015e-04
11,10,-1.2660153765e-05
11,11,5.4536370959e-03
11,42,-2.3320031601e-04
11,43,2.0849084051e-04
11,44,-4.2604061693e-05
11,45,2.8904915378e-04
11,46,-2.3432076038e-04
11,47,-1.4734759845e-04
11,78,-2.7257459819e-04
11,79,2.0693164056e-04
11,80,-1.4050679895e-05
11,81,-3.4834705814e-04
11,82,2.3138595391e-04
11,83,-2.0235333185e-04
11,102,1.2919258323e-04
11,103,-2.1840574001e-04
11,104,2.6832532924e-04
11,105,-5.9832762053e-06
11,106,9.6635522479e-06
11,107,-1.2357715343e-04
12,12,8.4757125999e-03
12,13,5.2610624216e-04
12,14,3.2035309459e-05
12,15,2.0879575170e-03
12,16,-6.5207841002e-04
12,17,-9.3780075217e-04
12,18,-1.9933294971e-04
12,19,3.3572277400e-04
12,20,-4.0926079282e-04
12,21,-6.6935458379e-05
12,22,1.1516579947e-04
12,23,5.2820852071e-05
12,54,-1.7079845802e-04
12,55,-2.8927648777e-04
12,56,-3.5675194121e-04
12,57,-8.8112765677e-05
12,58,-1.5048377621e-04
12,59,4.5935075492e-05
12,72,-7.9189359152e-05
12,73,1.0538993547e-04
12,74,-7.2648284922e-05
12,75,-9.8360944187e-05
12,76,1.2608010745e-04
12,77,-5.4592673222e-05
12,108,-2.0404922130e-04
12,109,-1.0928614562e-04
12,110,5.8813880361e-05
12,111,-2.4815787570e-04
12,112,-9.3260451954e-05
12,113,-1.2810864541e-04
13,12,5.2610624216e-04
13,13,8.5359764362e-03
13,14,2.2486789532e-04
13,15,-6.5207841002e-04
13,16,2.8656914526e-03
13,17,3.2487440429e-04
13,18,-3.3640869759e-04
13,19,5.6646112187e-04
13,20,-6.9020844980e-04
13,21,-1.1071236710e-04
13,22,1.9052476095e-04
13,23,9.0835804068e-05
13,54,2.8885436733e-04
13,55,4.8912941709e-04
13,56,6.0297568851e-04
13,57,1.4768881904e-04
13,58,2.5220087256e-04
13,59,-7.9216752448e-05
13,72,-9.9801796891e-05
13,73,1.2818148075e-04
13,74,-7.7747073150e-05
13,75,-1.2958397099e-04
13,76,1.6061274615e-04
13,77,-8.4411756825e-05
13,108,9.0811833434e-05
13,109,-5.3015014257e-05
13,110,-1.4791545894e-04
13,111,1.5374938553e-04
13,112,-5.8926926552e-05
13,113,1.7478395578e-04
14,12,3.2035309459e-05
14,13,2.2486789532e-04
14,14,9.0933015725e-03
14,15,8.6100716168e-04
14,16,-1.9385282449e-04
14,17,-6.1363216881e-04
14,18,-4.1185407904e-04
14,19,6.9316714807e-04
14,20,-8.4373634577e-04
14,21,-1.2979822372e-04
14,22,2.2347131850e-04
14,23,1.1549431080e-04
14,54,-3.5514670057e-04
14,55,-6.0113893822e-04
14,56,-7.4041820241e-04
14,57,-1.7819564093e-04
14,58,-3.0421783978e-04
14,59,1.0129491865e-04
14,72,-5.8132008526e-05
14,73,6.4286634214e-05
14,74,-1.4682461978e-05
14,75,-8.8043318588e-05
14,76,9.7089392357e-05
14,77,-8.4453798271e-05
14,108,5.8671871097e-05
14,109,1.3258473495e-04
14,110,5.3578818287e-05
14,111,2.8257952449e-05
14,112,1.4604312056e-04
14,113,-8.9533552234e-05
15,12,2.0879575170e-03
15,13,-6.5207841002e-04
15,14,8.6100716168e-04
15,15,7.6681819181e-03
15,16,8.1862457357e-04
15,17,3.0017407060e-03
15,18,-9.1202459350e-05
15,19,1.5582048999e-04
15,20,-1.9559219593e-04
15,21,-1.4886607006e-04
15,22,2.5258077313e-04
15,23,-6.4615174804e-05
15,54,-9.4643545096e-05
15,55,-1.6150233579e-04
15,56,-2.0225688035e-04
15,57,-1.3038462630e-04
15,58,-2.2214402525e-04
15,59,-6.8629653137e-05
15,72,9.9488171074e-05
15,73,-1.3704559640e-04
15,74,1.0508014222e-04
15,75,1.1784757252e-04
15,76,-1.5654091100e-04
15,77,5.2680664749e-05
15,108,2.3631056482e-04
15,109,1.7061504101e-04
15,110,-1.5358380228e-05
15,111,2.6852789128e-04
15,112,1.5147274560e-04
15,113,9.7058127115e-05
16,12,-6.5207841002e-04
16,13,2.8656914526e-03
16,14,-1.9385282449e-04
16,15,8.1862457357e-04
16,16,7.2292927208e-03
16,17,-5.0834685308e-04
16,18,-1.5186172195e-04
16,19,2.5944849289e-04
16,20,-3.2564299344e-04
16,21,-2.4951530521e-04
16,22,4.2325729340e-04
16,23,-1.0762680024e-04
16,54,1.5877358950e-04
16,55,2.7089932604e-04
16,56,3.3916465175e-04
16,57,2.1910664632e-04
16,58,3.7323907359e-04
16,59,1.1499808015e-04
16,72,1.1987594832e-04
16,73,-1.5955575559e-04
16,74,1.0978149020e-04
16,75,1.4874072673e-04
16,76,-1.9093562437e-04
16,77,8.1839668668e-05
16,108,-5.6920729109e-05
16,109,6.7634596986e-05
16,110,1.5352837580e-04
16,111,-1.1098214297e-04
16,112,6.3439433520e-05
16,113,-1.4569218396e-04
17,12,-9.3780075217e-04
17,13,3.2487440429e-04
17,14,-6.1363216881e-04
17,15,3.0017407060e-03
17,16,-5.0834685308e-04
17,17,8.3939667447e-03
17,18,5.5608259270e-05
17,19,-9.1391580144e-05
17,20,1.0561540849e-04
17,21,-1.0229722215e-04
17,22,1.7354836787e-04
17,23,-1.7570607046e-04
17,54,4.4057354265e-05
17,55,7.3122825414e-05
17,56,8.6350423966e-05
17,57,-7.8328066638e-05
17,58,-1.3362620471e-04
17,59,-1.6736977679e-04
17,72,-5.7367215081e-05
17,73,8.9383964388e-05
17,74,-9.1689093988e-05
17,75,-5.5167573863e-05
17,76,8.5815184187e-05
17,77,4.7181441621e-06
17,108,-1.0113402853e-04
17,109,-1.6823709851e-04
17,110,-1.1695026886e-04
17,111,-7.4139544737e-05
17,112,-1.5512390613e-04
17,113,6.7609980359e-05
18,12,-1.9933294971e-04
18,13,-3.3640869759e-04
18,14,-4.1185407904e-04
18,15,-9.1202459350e-05
18,16,-1.5186172195e-04
18,17,5.5608259270e-05
18,18,7.8139635739e-03
18,19,6.0353174811e-04
18,20,8.1116220718e-04
18,21,1.2768440759e-03
18,22,-7.8969488834e-04
18,23,-3.1830382852e-04
18,72,-2.5850863709e-04
18,73,-9.8899149225e-05
18,74,7.2099343663e-05
18,75,-3.6122348045e-04
18,76,-1.0162275935e-04
18,77,-2.8476211533e-04
19,12,3.3572277400e-04
19,13,5.6646112187e-04
19,14,6.9316714807e-04
19,15,1.5582048999e-04
19,16,2.5944849289e-04
19,17,-9.1391580144e-05
19,18,6.0353174811e-04
19,19,8.5726868553e-03
19,20,7.5593273185e-04
19,21,-7.8969488834e-04
19,22,1.3974504076e-03
19,23,6.6390731182e-04
19,72,-7.8028688087e-06
19,73,-2.0088881858e-04
19,74,-1.6712349197e-04
19,75,3.5396263475e-05
19,76,-2.6189236980e-04
19,77,1.3606836741e-04
20,12,-4.0926079282e-04
20,13,-6.9020844980e-04
20,14,-8.4373634577e-04
20,15,-1.9559219593e-04
20,16,-3.2564299344e-04
20,17,1.0561540849e-04
20,18,8.1116220718e-04
20,19,7.5593273185e-04
20,20,9.2349594719e-03
20,21,1.2867889749e-04
20,22,-8.8370699107e-04
20,23,9.0354190443e-05
20,72,8.4113547387e-06
20,73,-1.0139269211e-05
20,74,-1.6528707857e-04
20,75,1.4878604044e-05
20,76,1.7520518637e-05
20,77,1.0748647236e-05
21,12,-6.6935458379e-05
21,13,-1.1071236710e-04
21,14,-1.2979822372e-04
21,15,-1.4886607006e-04
21,16,-2.4951530521e-04
21,17,-1.0229722215e-04
21,18,1.2768440759e-03
21,19,-7.8969488834e-04
21,20,1.2867889749e-04
21,21,7.5632427904e-03
21,22,1.1998966053e-03
21,23,2.2661477830e-03
21,72,3.5565772572e-04
21,73,1.7495703188e-04
21,74,-6.5924925896e-05
21,75,4.8776103376e-04
21,76,1.9063188569e-04
21,77,3.6298832542e-04
22,12,1.1516579947e-04
22,13,1.9052476095e-04
22,14,2.2347131850e-04
22,15,2.5258077313e-04
22,16,4.2325729340e-04
22,17,1.7354836787e-04
22,18,-7.8969488834e-04
22,19,1.3974504076e-03
22,20,-8.8370699107e-04
22,21,1.1998966053e-03
22,22,8.3892231902e-03
22,23,-1.0850669260e-03
22,72,6.0056131512e-05
22,73,2.9642704672e-04
22,74,2.4379123032e-04
22,75,1.9942265496e-05
22,76,3.7558394960e-04
22,77,-1.3223992906e-04
23,12,5.2820852071e-05
23,13,9.0835804068e-05
23,14,1.1549431080e-04
23,15,-6.4615174804e-05
23,16,-1.0762680024e-04
23,17,-1.7570607046e-04
23,18,-3.1830382852e-04
23,19,6.6390731182e-04
23,20,9.0354190443e-05
23,21,2.2661477830e-03
23,22,-1.0850669260e-03
23,23,7.8608387576e-03
23,72,-2.6876118996e-04
23,73,-2.2246481188e-04
23,74,-3.3234694671e-05
23,75,-3.4720386627e-04
23,76,-2.6072834105e-04
23,77,-2.0781305473e-04
24,24,8.4756547427e-03
24,25,5.2581852202e-04
24,26,3.1454087319e-05
24,27,-2.0886405971e-03
24,28,6.5210682687e-04
24,29,-9.3798376110e-04
24,36,-2.0406692120e-04
24,37,-1.0930426461e-04
24,38,5.8830912119e-05
24,39,2.4815028508e-04
24,40,9.3256151245e-05
24,41,-1.2805161578e-04
24,60,-7.9230391947e-05
24,61,1.0543698737e-04
24,62,-7.2665636469e-05
24,63,9.8389365686e-05
24,64,-1.2610193095e-04
24,65,-5.4566346716e-05
24,84,-1.9927622767e-04
24,85,3.3562146005e-04
24,86,-4.0912267591e-04
24,87,6.6961140830e-05
24,88,-1.1520872683e-04
24,89,5.2818653896e-05
24,114,-1.7076161909e-04
24,115,-2.8921872828e-04
24,116,-3.5669246159e-04
24,117,8.8119980325e-05
24,118,1.5049594810e-04
24,119,4.5918768443e-05
25,24,5.2581852202e-04
25,25,8.5353945179e-03
25,26,2.2412710618e-04
25,27,6.5210682687e-04
25,28,-2.8668608584e-03
25,29,3.2454733489e-04
25,36,9.0847977528e-05
25,37,-5.2978618722e-05
25,38,-1.4792501183e-04
25,39,-1.5379202696e-04
25,40,5.8877306697e-05
25,41,1.7479416355e-04
25,60,-9.9842429683e-05
25,61,1.2822105251e-04
25,62,-7.7744943868e-05
25,63,1.2961412392e-04
25,64,-1.6062798272e-04
25,65,-8.4389843905e-05
25,84,-3.3630756736e-04
25,85,5.6628098159e-04
25,86,-6.8996405640e-04
25,87,1.1075239162e-04
25,88,-1.9059156959e-04
25,89,9.0832923066e-05
25,114,2.8879765350e-04
25,115,4.8904127770e-04
25,116,6.0288706212e-04
25,117,-1.4770662032e-04
25,118,-2.5223097294e-04
25,119,-7.9187998259e-05
26,24,3.1454087319e-05
26,25,2.2412710618e-04
26,26,9.0927715650e-03
26,27,-8.6154903020e-04
26,28,1.9400745578e-04
26,29,-6.1361897644e-04
26,36,5.8676024684e-05
26,37,1.3260779761e-04
26,38,5.3623279680e-05
26,39,-2.8229624608e-05
26,40,-1.4603513802e-04
26,41,-8.9608926375e-05
26,60,-5.8134652506e-05
26,61,6.4272021204e-05
26,62,-1.4635779777e-05
26,63,8.8051108003e-05
26,64,-9.7075680158e-05
26,65,-8.4464850493e-05
26,84,-4.1171659350e-04
26,85,6.9292343905e-04
26,86,-8.4340857457e-04
26,87,1.2983893199e-04
26,88,-2.2353902574e-04
26,89,1.1549277855e-04
26,114,-3.5509115332e-04
26,115,-6.0105478623e-04
26,116,-7.4033958310e-04
26,117,1.7823168127e-04
26,118,3.0427889106e-04
26,119,1.0125669528e-04
27,24,-2.0886405971e-03
27,25,6.5210682687e-04
27,26,-8.6154903020e-04
27,27,7.6679605925e-03
27,28,8.1804337582e-04
27,29,-3.0021563802e-03
27,36,-2.3629617353e-04
27,37,-1.7063021902e-04
27,38,1.5348447501e-05
27,39,2.6846369655e-04
27,40,1.5145345104e-04
27,41,-9.6940920518e-05
27,60,-9.9518574883e-05
27,61,1.3708288606e-04
27,62,-1.0510035866e-04
27,63,1.1784723280e-04
27,64,-1.5652872045e-04
27,65,-5.2609496033e-05
27,84,9.1230079825e-05
27,85,-1.5586571828e-04
27,86,1.9564395114e-04
27,87,-1.4881824357e-04
27,88,2.5249825043e-04
27,89,6.4603036525e-05
27,114,9.4652831237e-05
27,115,1.6151825025e-04
27,116,2.0227701228e-04
27,117,-1.3036402588e-04
27,118,-2.2211049436e-04
27,119,6.8612636141e-05
28,24,6.5210682687e-04
28,25,-2.8668608584e-03
28,26,1.9400745578e-04
28,27,8.1804337582e-04
28,28,7.2285565017e-03
28,29,5.0821733150e-04
28,36,5.6933063346e-05
28,37,-6.7581089872e-05
28,38,-1.5349275523e-04
28,39,-1.1098671136e-04
28,40,6.3365083483e-05
28,41,1.4565820306e-04
28,60,-1.1989257809e-04
28,61,1.5956874630e-04
28,62,-1.0977239579e-04
28,63,1.4872440145e-04
28,64,-1.9089591758e-04
28,65,-8.1759677948e-05
28,84,1.5190459293e-04
28,85,-2.5951845752e-04
28,86,3.2572242245e-04
28,87,-2.4942837268e-04
28,88,4.2310748012e-04
28,89,1.0760319086e-04
28,114,-1.5879505162e-04
28,115,-2.7093602362e-04
28,116,-3.3921084507e-04
28,117,2.1907852261e-04
28,118,3.7319383012e-04
28,119,-1.1497331455e-04
29,24,-9.3798376110e-04
29,25,3.2454733489e-04
29,26,-6.1361897644e-04
29,27,-3.0021563802e-03
29,28,5.0821733150e-04
29,29,8.3941837785e-03
29,36,-1.0106710807e-04
29,37,-1.6822204981e-04
29,38,-1.1699895763e-04
29,39,7.4017349836e-05
29,40,1.5507153454e-04
29,41,6.7739647712e-05
29,60,-5.7344834632e-05
29,61,8.9363686280e-05
29,62,-9.1696256206e-05
29,63,5.5099389875e-05
29,64,-8.5731692331e-05
29,65,4.8284857175e-06
29,84,5.5588586825e-05
29,85,-9.1354115707e-05
29,86,1.0555884721e-04
29,87,1.0228301318e-04
29,88,-1.7352276940e-04
29,89,-1.7568682018e-04
29,114,4.4037037958e-05
29,115,7.3092093513e-05
29,116,8.6321835163e-05
29,117,7.8314020542e-05
29,118,1.3360304021e-04
29,119,-1.6734713297e-04
30,0,-1.8699062368e-04
30,1,-3.2042597362e-04
30,2,-4.0475708894e-04
30,3,-2.1589378985e-08
30,4,-3.7881588962e-08
30,5,1.5171789099e-04
30,30,7.3508447805e-03
30,31,1.2052279193e-03
30,32,1.0681898289e-03
30,33,5.1398782864e-07
30,34,-2.8096917854e-07
30,35,-2.0705088970e-03
30,60,-2.2473318336e-04
30,61,-1.1159341474e-04
30,62,6.2421560015e-05
30,63,-2.9468404160e-04
30,64,-1.0940860634e-04
30,65,-1.9406304405e-04
30,72,-2.2471577365e-04
30,73,-1.1155410793e-04
30,74,6.2422381221e-05
30,75,2.9470487012e-04
30,76,1.0939546790e-04
30,77,-1.9416294201e-04
31,0,3.1982534166e-04
31,1,5.4797606348e-04
31,2,6.9199996746e-04
31,3,3.5887437752e-08
31,4,6.3003579957e-08
31,5,-2.5949550527e-04
31,30,1.2052279193e-03
31,31,8.3444299622e-03
31,32,1.3289613384e-03
31,33,-2.8096917854e-07
31,34,5.1414041321e-07
31,35,1.5096616712e-03
31,60,-1.4608392967e-06
31,61,-1.6043746866e-04
31,62,-1.7692916958e-04
31,63,4.9976488291e-05
31,64,-1.8436832999e-04
31,65,1.5088823429e-04
31,72,-1.4642962362e-06
31,73,-1.6044277239e-04
31,74,-1.7688364709e-04
31,75,-4.9941795366e-05
31,76,1.8442788867e-04
31,77,1.5081943351e-04
32,0,-4.0243089708e-04
32,1,-6.8931393885e-04
32,2,-8.6997599142e-04
32,3,-4.2491198029e-08
32,4,-7.4687472433e-08
32,5,3.2651887011e-04
32,30,1.0681898289e-03
32,31,1.3289613384e-03
32,32,9.2655511496e-03
32,33,-2.9588961598e-09
32,34,-2.8845250338e-07
32,35,6.5819606576e-06
32,60,2.8644296136e-16
32,61,-2.3213447459e-06
32,62,-1.1609512155e-04
32,63,7.5469749626e-07
32,64,3.0289216797e-05
32,65,-9.7484266944e-06
32,72,5.2734755018e-09
32,73,-2.3244559131e-06
32,74,-1.1611640532e-04
32,75,-7.6302122737e-07
32,76,-3.0268767632e-05
32,77,-9.7265676233e-06
33,0,-3.1298144825e-08
33,1,-5.4613536805e-08
33,2,-7.1507249562e-08
33,3,-5.6887621145e-05
33,4,-9.7482275222e-05
33,5,1.0707599140e-08
33,30,5.1398782864e-07
33,31,-2.8096917854e-07
33,32,-2.9588961597e-09
33,33,5.5219455532e-03
33,34,2.5590341044e-03
33,35,4.7942237121e-07
33,60,3.0345708432e-04
33,61,1.8414014575e-04
33,62,-4.7140846062e-05
33,63,3.8694187440e-04
33,64,1.8615549234e-04
33,65,2.2987495405e-04
33,72,-3.0347096111e-04
33,73,-1.8409132824e-04
33,74,4.7178421223e-05
33,75,3.8703019655e-04
33,76,1.8615073786e-04
33,77,-2.3007013422e-04
34,0,5.2377847670e-08
34,1,9.1420100667e-08
34,2,1.1975750666e-07
34,3,9.7299546115e-05
34,4,1.6670918609e-04
34,5,-1.7660092615e-08
34,30,-2.8096917854e-07
34,31,5.1414041321e-07
34,32,-2.8845250338e-07
34,33,2.5590341044e-03
34,34,6.5081519061e-03
34,35,-2.2252367712e-08
34,60,4.9105104070e-05
34,61,2.4026045484e-04
34,62,2.4730641930e-04
34,63,-5.7503116267e-06
34,64,2.6590881737e-04
34,65,-1.6095936438e-04
34,72,-4.9084109347e-05
34,73,-2.4027545532e-04
34,74,-2.4727387022e-04
34,75,-5.7366944212e-06
34,76,2.6601261917e-04
34,77,1.6089360551e-04
35,0,1.3851825717e-04
35,1,2.3736402647e-04
35,2,2.9983453271e-04
35,3,-5.2983630609e-09
35,4,-8.6894590739e-09
35,5,-1.2969580731e-04
35,30,-2.0705088970e-03
35,31,1.5096616712e-03
35,32,6.5819606576e-06
35,33,4.7942237121e-07
35,34,-2.2252367712e-08
35,35,5.3862409566e-03
35,60,-2.1781493423e-04
35,61,-2.0917189476e-04
35,62,-5.6630992291e-05
35,63,-2.5248695430e-04
35,64,-2.2056815737e-04
35,65,-9.1498584173e-05
35,72,-2.1790074474e-04
35,73,-2.0915403538e-04
35,74,-5.6532867166e-05
35,75,2.5267145219e-04
35,76,2.2060596397e-04
35,77,-9.1755610428e-05
36,0,-1.8296755458e-04
36,1,1.0583896025e-04
36,2,4.7146475805e-05
36,3,2.1554916413e-04
36,4,-8.7172394542e-05
36,5,-9.9020821300e-05
36,24,-2.0406692120e-04
36,25,9.0847977528e-05
36,26,5.8676024684e-05
36,27,-2.3629617353e-04
36,28,5.6933063346e-05
36,29,-1.0106710807e-04
36,36,8.5533999066e-03
36,37,-7.8775710109e-04
36,38,-1.2078200830e-03
36,39,-2.4212617930e-04
36,40,2.0755990791e-04
36,41,-3.4183668974e-03
36,60,-9.7424343186e-05
36,61,1.6588202161e-04
36,62,-2.0681637784e-04
36,63,3.1936674697e-06
36,64,-5.6655089789e-06
36,65,8.8065529860e-05
36,90,-1.3928749887e-04
36,91,-1.4114177986e-04
36,92,-3.0071874067e-05
36,93,1.6708407832e-04
36,94,1.5231876108e-04
36,95,-8.2198027186e-05
36,102,-1.2721345416e-04
36,103,-2.1737832066e-04
36,104,-2.7299728987e-04
36,105,9.5825971900e-06
36,106,1.6323294351e-05
36,107,1.1552334891e-04
36,114,-1.0799624741e-04
36,115,-1.2027563446e-04
36,116,-4.2013484409e-05
36,117,-1.2941992634e-04
36,118,-1.3355123974e-04
36,119,-6.3320209525e-05
37,0,-1.2757739364e-04
37,1,2.3775435984e-06
37,2,1.2525461315e-04
37,3,1.8388671387e-04
37,4,3.9257055264e-06
37,5,-1.5753068410e-04
37,24,-1.0930426461e-04
37,25,-5.2978618722e-05
37,26,1.3260779761e-04
37,27,-1.7063021902e-04
37,28,-6.7581089872e-05
37,29,-1.6822204981e-04
37,36,-7.8775710109e-04
37,37,7.4999110140e-03
37,38,-3.5049616580e-04
37,39,2.0755990791e-04
37,40,-4.6802058161e-04
37,41,-4.2806945374e-04
37,60,-1.6566698154e-04
37,61,2.8203166105e-04
37,62,-3.5150982406e-04
37,63,5.1873945143e-06
37,64,-9.2182381389e-06
37,65,1.4977045581e-04
37,90,1.4087594774e-04
37,91,1.1957376708e-04
37,92,-2.2102366645e-05
37,93,-1.8590906715e-04
37,94,-1.4339700553e-04
37,95,1.2851789519e-04
37,102,2.1771334494e-04
37,103,3.7196866680e-04
37,104,4.6700300399e-04
37,105,-1.6444870024e-05
37,106,-2.8008948821e-05
37,107,-1.9769926432e-04
37,114,1.2585789456e-04
37,115,1.2881930044e-04
37,116,2.0699273450e-05
37,117,1.6107196535e-04
37,118,1.5345076071e-04
37,119,1.0125039240e-04
38,0,3.3522985390e-05
38,1,-1.3074661577e-04
38,2,1.0749440818e-04
38,3,1.2880155915e-05
38,4,1.2857910335e-04
38,5,-1.2596956979e-04
38,24,5.8830912119e-05
38,25,-1.4792501183e-04
38,26,5.3623279680e-05
38,27,1.5348447501e-05
38,28,-1.5349275523e-04
38,29,-1.1699895763e-04
38,36,-1.2078200830e-03
38,37,-3.5049616580e-04
38,38,8.4772494122e-03
38,39,-2.5171447405e-04
38,40,6.1860401188e-05
38,41,-1.5800592838e-03
38,60,-2.0599179192e-04
38,61,3.5056239852e-04
38,62,-4.3661518102e-04
38,63,5.8274059994e-06
38,64,-1.0398321019e-05
38,65,1.8627095083e-04
38,90,-2.9412454874e-05
38,91,2.2614259269e-05
38,92,1.0855567661e-04
38,93,7.3546107180e-05
38,94,5.5414855867e-06
38,95,-1.2203685637e-04
38,102,-2.7429258451e-04
38,103,-4.6849738528e-04
38,104,-5.8783232552e-04
38,105,2.0834564289e-05
38,106,3.5475663453e-05
38,107,2.4905769811e-04
38,114,-5.5546576648e-05
38,115,-3.2287754347e-05
38,116,5.0843644229e-05
38,117,-9.3267683669e-05
38,118,-6.2023374357e-05
38,119,-1.0508233943e-04
39,0,-2.0876708023e-04
39,1,1.6071661404e-04
39,2,2.1163292587e-06
39,3,2.2706290719e-04
39,4,-1.3561024342e-04
39,5,-6.3246918225e-05
39,24,2.4815028508e-04
39,25,-1.5379202696e-04
39,26,-2.8229624608e-05
39,27,2.6846369655e-04
39,28,-1.1098671136e-04
39,29,7.4017349836e-05
39,36,-2.4212617930e-04
39,37,2.0755990791e-04
39,38,-2.5171447405e-04
39,39,5.5215587000e-03
39,40,-1.1729860917e-03
39,41,-1.0957847505e-04
39,60,7.3158249353e-06
39,61,-1.2653988962e-05
39,62,1.6282301681e-05
39,63,-1.6429485092e-05
39,64,2.7997654235e-05
39,65,-5.4263381725e-06
39,90,-1.6680592360e-04
39,91,-1.8602848039e-04
39,92,-7.4535949147e-05
39,93,1.8760135037e-04
39,94,1.9014669263e-04
39,95,-6.4926898726e-05
39,102,8.9532810593e-06
39,103,1.5246379936e-05
39,104,1.9012175411e-05
39,105,-2.4631492390e-05
39,106,-4.2081944447e-05
39,107,-4.0952961755e-06
39,114,1.3691097249e-04
39,115,1.6164022334e-04
39,116,7.6078151353e-05
39,117,1.5571137677e-04
39,118,1.7097725902e-04
39,119,5.7872492425e-05
40,0,-1.0966496186e-04
40,1,9.8029793488e-06
40,2,1.1156967856e-04
40,3,1.5435570774e-04
40,4,-9.5051875728e-06
40,5,-1.2252285208e-04
40,24,9.3256151245e-05
40,25,5.8877306697e-05
40,26,-1.4603513802e-04
40,27,1.5145345104e-04
40,28,6.3365083483e-05
40,29,1.5507153454e-04
40,36,2.0755990791e-04
40,37,-4.6802058161e-04
40,38,6.1860401188e-05
40,39,-1.1729860917e-03
40,40,3.1878304308e-03
40,41,2.5078047202e-04
40,60,1.2226655754e-05
40,61,-2.1150455181e-05
40,62,2.7220517042e-05
40,63,-2.7912537784e-05
40,64,4.7558024194e-05
40,65,-9.0715087017e-06
40,90,1.5167382876e-04
40,91,1.4313150996e-04
40,92,6.2861295611e-06
40,93,-1.8956845904e-04
40,94,-1.6257916882e-04
40,95,1.0860146072e-04
40,102,-1.5369573295e-05
40,103,-2.6169117260e-05
40,104,-3.2623773660e-05
40,105,4.2161096965e-05
40,106,7.2020315384e-05
40,107,7.0431702394e-06
40,114,-1.5059471819e-04
40,115,-1.6400715798e-04
40,116,-4.8483442641e-05
40,117,-1.8371691702e-04
40,118,-1.8609798630e-04
40,119,-9.6286772912e-05
41,0,-8.4157808650e-05
41,1,1.5061699216e-04
41,2,-1.1886403041e-04
41,3,5.0972360989e-05
41,4,-1.2861747744e-04
41,5,7.9391711485e-05
41,24,-1.2805161578e-04
41,25,1.7479416355e-04
41,26,-8.9608926375e-05
41,27,-9.6940920518e-05
41,28,1.4565820306e-04
41,29,6.7739647712e-05
41,36,-3.4183668974e-03
41,37,-4.2806945374e-04
41,38,-1.5800592838e-03
41,39,-1.0957847505e-04
41,40,2.5078047202e-04
41,41,6.2083459127e-03
41,60,9.2513351753e-05
41,61,-1.5748703327e-04
41,62,1.9626446500e-04
41,63,-3.1424693797e-07
41,64,7.2100317874e-07
41,65,-8.6515914597e-05
41,90,-8.1556563446e-05
41,91,-1.2816983146e-04
41,92,-1.2282983820e-04
41,93,6.4377351746e-05
41,94,1.0853116800e-04
41,95,4.0480630305e-05
41,102,1.1382308488e-04
41,103,1.9450557594e-04
41,104,2.4429351909e-04
41,105,-4.8037117910e-06
41,106,-8.1721476952e-06
41,107,-1.0851015107e-04
41,114,-8.1382604960e-05
41,115,-1.1660770323e-04
41,116,-9.7107201989e-05
41,117,-7.3829487301e-05
41,118,-1.0473435819e-04
41,119,1.5133795709e-05
42,6,-2.2340025335e-04
42,7,7.5123978819e-06
42,8,7.6945685205e-06
42,9,-3.0765320113e-04
42,10,5.2951736972e-05
42,11,-2.3320031601e-04
42,42,8.6386506016e-03
42,43,1.5586672575e-04
42,44,-7.4234176992e-04
42,45,2.1137725072e-08
42,46,-3.5005669876e-08
42,47,-2.6331599259e-03
42,48,-2.2341263245e-04
42,49,7.5347259054e-06
42,50,7.7215159431e-06
42,51,3.0767280086e-04
42,52,-5.2980983621e-05
42,53,-2.3322045152e-04
42,66,-1.0090873113e-04
42,67,1.1495512137e-04
42,68,-4.6094920441e-05
42,69,1.3043564935e-04
42,70,-1.4032811362e-04
42,71,-8.2433696255e-05
42,90,-9.3662534134e-05
42,91,1.6019706349e-04
42,92,-2.0156913706e-04
42,93,-7.8643814207e-09
42,94,1.2733887473e-08
42,95,9.0802138414e-05
42,102,-1.0090339070e-04
42,103,1.1494237606e-04
42,104,-4.6078442797e-05
42,105,-1.3043793944e-04
42,106,1.4032338206e-04
42,107,-8.2452949256e-05
43,6,1.0809191749e-04
43,7,-1.6150980398e-04
43,8,8.1480819908e-06
43,9,1.7992166557e-04
43,10,-2.4408118352e-04
43,11,2.0849084051e-04
43,42,1.5586672575e-04
43,43,7.9992918119e-03
43,44,-4.6488487473e-04
43,45,-3.5005669875e-08
43,46,3.4847958286e-08
43,47,5.1713071370e-04
43,48,1.0808499106e-04
43,49,-1.6152711280e-04
43,50,8.1706366110e-06
43,51,-1.7991547202e-04
43,52,2.4410675156e-04
43,53,2.0849439248e-04
43,66,-1.2419766160e-04
43,67,1.3199073339e-04
43,68,-3.2545373688e-05
43,69,1.6748634855e-04
43,70,-1.6835484827e-04
43,71,-1.2153797728e-04
43,90,-1.6029412843e-04
43,91,2.7411956547e-04
43,92,-3.4480366186e-04
43,93,-1.4137366607e-08
43,94,2.2949244996e-08
43,95,1.5539884500e-04
43,102,-1.2418193577e-04
43,103,1.3196356100e-04
43,104,-3.2519617354e-05
43,105,-1.6747578938e-04
43,106,1.6833184227e-04
43,107,-1.2155114141e-04
44,6,6.2460548803e-05
44,7,1.6870748184e-04
44,8,-1.2657519910e-04
44,9,5.2408235761e-05
44,10,2.4117060447e-04
44,11,-4.2604061693e-05
44,42,-7.4234176992e-04
44,43,-4.6488487473e-04
44,44,8.6276842213e-03
44,45,1.5286233952e-08
44,46,-7.4927672884e-08
44,47,-1.6068087127e-03
44,48,6.2465915332e-05
44,49,1.6868827469e-04
44,50,-1.2662291091e-04
44,51,-5.2418072370e-05
44,52,-2.4115050879e-04
44,53,-4.2592313855e-05
44,66,-6.7021070136e-05
44,67,5.0217881733e-05
44,68,3.5055472137e-05
44,69,1.0575112718e-04
44,70,-8.0617871668e-05
44,71,-1.1048358185e-04
44,90,-2.0194505258e-04
44,91,3.4523772286e-04
44,92,-4.3397458850e-04
44,93,-1.9551791689e-08
44,94,3.1879963653e-08
44,95,1.9577777539e-04
44,102,-6.6993211192e-05
44,103,5.0180733362e-05
44,104,3.5075932286e-05
44,105,-1.0571555706e-04
44,106,8.0569582472e-05
44,107,-1.1046384223e-04
45,6,3.0326665701e-04
45,7,3.4712422735e-05
45,8,-1.3822722349e-05
45,9,4.0870434687e-04
45,10,-9.7346601294e-06
45,11,2.8904915378e-04
45,42,2.1137725072e-08
45,43,-3.5005669876e-08
45,44,1.5286233952e-08
45,45,6.3174759153e-03
45,46,6.1917125017e-04
45,47,3.1644414955e-08
45,48,-3.0328733462e-04
45,49,-3.4679680300e-05
45,50,1.3869112978e-05
45,51,4.0873652511e-04
45,52,-9.7770688820e-06
45,53,-2.8908103493e-04
45,66,-1.2223113362e-04
45,67,1.4898246322e-04
45,68,-8.0636988012e-05
45,69,1.5078922716e-04
45,70,-1.7435381609e-04
45,71,-7.9017677389e-05
45,90,9.6998205959e-09
45,91,-1.7409455776e-08
45,92,2.4007773754e-08
45,93,-1.4315135711e-05
45,94,2.4484098429e-05
45,95,-1.2091284000e-08
45,102,1.2223506903e-04
45,103,-1.4897746408e-04
45,104,8.0616744492e-05
45,105,1.5080888925e-04
45,106,-1.7436600744e-04
45,107,7.9057970904e-05
46,6,-1.1391398224e-04
46,7,1.9641677296e-04
46,8,1.7806254709e-05
46,9,-1.9472056137e-04
46,10,2.8843470304e-04
46,11,-2.3432076038e-04
46,42,-3.5005669876e-08
46,43,3.4847958287e-08
46,44,-7.4927672884e-08
46,45,6.1917125017e-04
46,46,4.3793622298e-03
46,47,2.2561880515e-08
46,48,1.1390469047e-04
46,49,-1.9644350117e-04
46,50,-1.7774247839e-05
46,51,-1.9471310170e-04
46,52,2.8847400830e-04
46,53,2.3432814617e-04
46,66,-1.4216101854e-04
46,67,1.6243155038e-04
46,68,-6.5345566206e-05
46,69,1.8330170279e-04
46,70,-1.9833521806e-04
46,71,-1.1436576187e-04
46,90,1.5814972613e-08
46,91,-2.8446950933e-08
46,92,3.9378852410e-08
46,93,-2.4498933569e-05
46,94,4.1895714404e-05
46,95,-2.0023960818e-08
46,102,1.4215653456e-04
46,103,-1.6241217353e-04
46,104,6.5311215760e-05
46,105,1.8331258769e-04
46,106,-1.9833061957e-04
46,107,1.1440634177e-04
47,6,-2.2084395271e-04
47,7,-1.2889694374e-04
47,8,8.8456761289e-06
47,9,-2.7700382732e-04
47,10,-1.3467027981e-04
47,11,-1.4734759845e-04
47,42,-2.6331599259e-03
47,43,5.1713071370e-04
47,44,-1.6068087127e-03
47,45,3.1644414955e-08
47,46,2.2561880515e-08
47,47,6.3043567856e-03
47,48,-2.2086693643e-04
47,49,-1.2886926381e-04
47,50,8.9036087164e-06
47,51,2.7703837763e-04
47,52,1.3463601710e-04
47,53,-1.4737914533e-04
47,66,-6.2194279020e-05
47,67,9.7223452135e-05
47,68,-9.6516456633e-05
47,69,6.0868670054e-05
47,70,-9.7711287479e-05
47,71,5.1068307678e-06
47,90,8.6310423442e-05
47,91,-1.4762227495e-04
47,92,1.8574681610e-04
47,93,1.0562020933e-08
47,94,-1.7515548169e-08
47,95,-8.5862443994e-05
47,102,-6.2215193654e-05
47,103,9.7241589280e-05
47,104,-9.6509211816e-05
47,105,-6.0909024770e-05
47,106,9.7752750226e-05
47,107,5.0575098955e-06
48,42,-2.2341263245e-04
48,43,1.0808499106e-04
48,44,6.2465915332e-05
48,45,-3.0328733462e-04
48,46,1.1390469047e-04
48,47,-2.2086693643e-04
48,48,7.2614414297e-03
48,49,-1.0867721408e-03
48,50,9.4187820175e-04
48,51,1.8726112617e-04
48,52,1.1927930269e-04
48,53,-1.7094507388e-03
48,66,-1.9527810017e-04
48,67,3.2985393080e-04
48,68,-4.0457591115e-04
48,69,-1.9497890996e-05
48,70,3.1388834402e-05
48,71,1.4578312799e-04
48,96,-2.3284678471e-04
48,97,9.5750866934e-05
48,98,6.5761404665e-05
48,99,3.1877230187e-04
48,100,-9.6206380411e-05
48,101,-2.3754952163e-04
49,42,7.5347259054e-06
49,43,-1.6152711280e-04
49,44,1.6868827469e-04
49,45,-3.4679680300e-05
49,46,-1.9644350117e-04
49,47,-1.2886926381e-04
49,48,-1.0867721408e-03
49,49,8.1413380710e-03
49,50,-1.3102828761e-03
49,51,1.1927930269e-04
49,52,2.3255374373e-04
49,53,-1.3680256139e-03
49,66,-3.2852880014e-04
49,67,5.5481074127e-04
49,68,-6.8017381833e-04
49,69,-3.4590357957e-05
49,70,5.5814932023e-05
49,71,2.4486109875e-04
49,96,1.1237084564e-06
49,97,-1.7753784052e-04
49,98,1.6250597648e-04
49,99,4.4277009377e-05
49,100,2.2404488729e-04
49,101,-1.3910362176e-04
50,42,7.7215159431e-06
50,43,8.1706366110e-06
50,44,-1.2662291091e-04
50,45,1.3869112978e-05
50,46,-1.7774247839e-05
50,47,8.9036087164e-06
50,48,9.4187820175e-04
50,49,-1.3102828761e-03
50,50,8.9083756046e-03
50,51,4.9604786554e-05
50,52,1.7420462027e-04
50,53,2.7612785111e-05
50,66,-3.9956910140e-04
50,67,6.7446331089e-04
50,68,-8.2604179338e-04
50,69,-4.6621160489e-05
50,70,7.5537734140e-05
50,71,2.9677687429e-04
50,96,1.3877787808e-19
50,97,1.9108094648e-06
50,98,-1.3642931358e-04
50,99,-4.9466882074e-07
50,100,2.8726723495e-05
50,101,-7.4858014323e-06
51,42,3.0767280086e-04
51,43,-1.7991547202e-04
51,44,-5.2418072370e-05
51,45,4.0873652511e-04
51,46,-1.9471310170e-04
51,47,2.7703837763e-04
51,48,1.8726112617e-04
51,49,1.1927930269e-04
51,50,4.9604786554e-05
51,51,5.7572197703e-03
51,52,-2.3138572226e-03
51,53,1.8532683396e-04
51,66,-8.5015985433e-06
51,67,1.2627088647e-05
51,68,-1.1066531433e-05
51,69,-7.1523891125e-05
51,70,1.2057417504e-04
51,71,-9.4324124784e-06
51,96,-3.3082935449e-04
51,97,1.6591447820e-04
51,98,6.5967019033e-05
51,99,4.4507830386e-04
51,100,-1.7436255692e-04
51,101,-3.1352378964e-04
52,42,-5.2980983621e-05
52,43,2.4410675156e-04
52,44,-2.4115050879e-04
52,45,-9.7770688820e-06
52,46,2.8847400830e-04
52,47,1.3463601710e-04
52,48,1.1927930269e-04
52,49,2.3255374373e-04
52,50,1.7420462027e-04
52,51,-2.3138572226e-03
52,52,6.6478162082e-03
52,53,1.2490423494e-05
52,66,-1.6313428538e-05
52,67,2.4634319009e-05
52,68,-2.2765265555e-05
52,69,-1.2060779449e-04
52,70,2.0326223865e-04
52,71,-1.4963163403e-05
52,96,4.0919503802e-05
52,97,-2.6856087990e-04
52,98,2.4021853460e-04
52,99,9.1118162488e-06
52,100,3.2997857101e-04
52,101,-1.5623125772e-04
53,42,-2.3322045152e-04
53,43,2.0849439248e-04
53,44,-4.2592313855e-05
53,45,-2.8908103493e-04
53,46,2.3432814617e-04
53,47,-1.4737914533e-04
53,48,-1.7094507388e-03
53,49,-1.3680256139e-03
53,50,2.7612785111e-05
53,51,1.8532683396e-04
53,52,1.2490423494e-05
53,53,5.4534281359e-03
53,66,1.2918438959e-04
53,67,-2.1838050842e-04
53,68,2.6826538748e-04
53,69,6.0184936012e-06
53,70,-9.7206975657e-06
53,71,-1.2355627567e-04
53,96,-2.7251738236e-04
53,97,2.0696518775e-04
53,98,-1.4122833562e-05
53,99,3.4818856893e-04
53,100,-2.3136491321e-04
53,101,-2.0207410575e-04
54,12,-1.7079845802e-04
54,13,2.8885436733e-04
54,14,-3.5514670057e-04
54,15,-9.4643545096e-05
54,16,1.5877358950e-04
54,17,4.4057354265e-05
54,54,8.6845406977e-03
54,55,3.3381258364e-04
54,56,-2.0050141934e-04
54,57,2.2428567686e-03
54,58,-3.2227895546e-04
54,59,-8.9152895600e-04
54,66,-1.8521814337e-04
54,67,-8.5785788737e-05
54,68,5.3664438851e-05
54,69,-2.3250750662e-04
54,70,-7.2049094000e-05
54,71,-1.3371539167e-04
54,96,-1.5825843222e-04
54,97,-2.6786399754e-04
54,98,-3.2990028983e-04
54,99,-6.7288835227e-05
54,100,-1.1518765330e-04
54,101,4.4148872864e-05
54,108,-1.0795765629e-04
54,109,1.2582182458e-04
54,110,-5.5546165471e-05
54,111,-1.3687421888e-04
54,112,1.5057002645e-04
54,113,-8.1383855797e-05
55,12,-2.8927648777e-04
55,13,4.8912941709e-04
55,14,-6.0113893822e-04
55,15,-1.6150233579e-04
55,16,2.7089932604e-04
55,17,7.3122825414e-05
55,54,3.3381258364e-04
55,55,8.5338886703e-03
55,56,8.4943469898e-05
55,57,-3.2227895546e-04
55,58,3.2998319364e-03
55,59,2.9253591265e-04
55,66,1.0708943222e-04
55,67,-3.9287041446e-05
55,68,-1.2308429433e-04
55,69,1.6686054039e-04
55,70,-5.4904123953e-05
55,71,1.6833880258e-04
55,96,2.6764595463e-04
55,97,4.5292095959e-04
55,98,5.5758415172e-04
55,99,1.1246010264e-04
55,100,1.9250141508e-04
55,101,-7.5936918728e-05
55,108,-1.2024131929e-04
55,109,1.2879777445e-04
55,110,-3.2311937288e-05
55,111,-1.6160239419e-04
55,112,1.6399287076e-04
55,113,-1.1659559427e-04
56,12,-3.5675194121e-04
56,13,6.0297568851e-04
56,14,-7.4041820241e-04
56,15,-2.0225688035e-04
56,16,3.3916465175e-04
56,17,8.6350423966e-05
56,54,-2.0050141934e-04
56,55,8.4943469898e-05
56,56,9.1934586678e-03
56,57,1.1736794304e-03
56,58,1.8727111166e-04
56,59,-6.3409154760e-04
56,66,4.7302077761e-05
56,67,1.3682586112e-04
56,68,6.2632829546e-05
56,69,1.7453358885e-05
56,70,1.5714583667e-04
56,71,-8.9197441925e-05
56,96,-3.2907148788e-04
56,97,-5.5663603083e-04
56,98,-6.8466633500e-04
56,99,-1.3485414510e-04
56,100,-2.3080258764e-04
56,101,9.6600999343e-05
56,108,-4.2013683196e-05
56,109,2.0722221811e-05
56,110,5.0792392041e-05
56,111,-7.6065156043e-05
56,112,4.8498278737e-05
56,113,-9.7072868481e-05
57,12,-8.8112765677e-05
57,13,1.4768881904e-04
57,14,-1.7819564093e-04
57,15,-1.3038462630e-04
57,16,2.1910664632e-04
57,17,-7.8328066638e-05
57,54,2.2428567686e-03
57,55,-3.2227895546e-04
57,56,1.1736794304e-03
57,57,7.9214322909e-03
57,58,5.9675782996e-04
57,59,3.1971354704e-03
57,66,2.1584721705e-04
57,67,1.4226333335e-04
57,68,-1.8740113830e-05
57,69,2.5542867495e-04
57,70,1.2985948084e-04
57,71,1.1223802438e-04
57,96,-8.6271356556e-05
57,97,-1.4719439784e-04
57,98,-1.8428085291e-04
57,99,-1.1850863660e-04
57,100,-2.0179032529e-04
57,101,-5.3729710464e-05
57,108,1.2939008416e-04
57,109,-1.6103955651e-04
57,110,9.3255884229e-05
57,111,1.5569573371e-04
57,112,-1.8370900722e-04
57,113,7.3862800492e-05
58,12,-1.5048377621e-04
58,13,2.5220087256e-04
58,14,-3.0421783978e-04
58,15,-2.2214402525e-04
58,16,3.7323907359e-04
58,17,-1.3362620471e-04
58,54,-3.2227895546e-04
58,55,3.2998319364e-03
58,56,1.8727111166e-04
58,57,5.9675782996e-04
58,58,7.2550556273e-03
58,59,-2.6875252773e-04
58,66,-8.6184582156e-05
58,67,3.9216911773e-05
58,68,1.2506189313e-04
58,69,-1.3700191585e-04
58,70,4.6513650279e-05
58,71,-1.4064887134e-04
58,96,1.4468411960e-04
58,97,2.4682479415e-04
58,98,3.0892894409e-04
58,99,1.9917392737e-04
58,100,3.3908074215e-04
58,101,8.9895512756e-05
58,108,1.3353789794e-04
58,109,-1.5344632129e-04
58,110,6.2041561781e-05
58,111,1.7097514257e-04
58,112,-1.8611420190e-04
58,113,1.0476241399e-04
59,12,4.5935075492e-05
59,13,-7.9216752448e-05
59,14,1.0129491865e-04
59,15,-6.8629653137e-05
59,16,1.1499808015e-04
59,17,-1.6736977679e-04
59,54,-8.9152895600e-04
59,55,2.9253591265e-04
59,56,-6.3409154760e-04
59,57,3.1971354704e-03
59,58,-2.6875252773e-04
59,59,8.7074292051e-03
59,66,-9.4603106936e-05
59,67,-1.5401930256e-04
59,68,-9.6352349393e-05
59,69,-7.8290026291e-05
59,70,-1.5320511515e-04
59,71,4.3980346187e-05
59,96,4.1327808026e-05
59,97,6.8519542627e-05
59,98,8.0726813927e-05
59,99,-8.2171482226e-05
59,100,-1.3989296444e-04
59,101,-1.4866791992e-04
59,108,-6.3335143293e-05
59,109,1.0125425092e-04
59,110,-1.0505635060e-04
59,111,-5.7916100179e-05
59,112,9.6323537615e-05
59,113,1.5061630000e-05
60,0,-1.0481019660e-04
60,1,-1.1816713061e-04
60,2,-4.5323252223e-05
60,3,1.3678553013e-04
60,4,1.4569706470e-04
60,5,-8.9027993236e-05
60,24,-7.9230391947e-05
60,25,-9.9842429683e-05
60,26,-5.8134652506e-05
60,27,-9.9518574883e-05
60,28,-1.1989257809e-04
60,29,-5.7344834632e-05
60,30,-2.2473318336e-04
60,31,-1.4608392967e-06
60,32,2.8643850221e-16
60,33,3.0345708432e-04
60,34,4.9105104070e-05
60,35,-2.1781493423e-04
60,36,-9.7424343186e-05
60,37,-1.6566698154e-04
60,38,-2.0599179192e-04
60,39,7.3158249353e-06
60,40,1.2226655754e-05
60,41,9.2513351753e-05
60,60,8.8647041564e-03
60,61,-2.6191931137e-04
60,62,-7.2914456462e-04
60,63,-3.5610892373e-04
60,64,-1.1135545262e-05
60,65,-2.6421353491e-03
60,84,-2.5854715957e-04
60,85,-7.8119441798e-06
60,86,8.4216217282e-06
60,87,-3.5565307433e-04
60,88,-6.0106299652e-05
60,89,-2.6863837927e-04
61,0,1.2673012353e-04
61,1,1.3272752088e-04
61,2,2.9205452950e-05
61,3,-1.7246359285e-04
61,4,-1.7088895943e-04
61,5,1.2828106309e-04
61,24,1.0543698737e-04
61,25,1.2822105251e-04
61,26,6.4272021204e-05
61,27,1.3708288606e-04
61,28,1.5956874630e-04
61,29,8.9363686280e-05
61,30,-1.1159341474e-04
61,31,-1.6043746866e-04
61,32,-2.3213447459e-06
61,33,1.8414014575e-04
61,34,2.4026045484e-04
61,35,-2.0917189476e-04
61,36,1.6588202161e-04
61,37,2.8203166105e-04
61,38,3.5056239852e-04
61,39,-1.2653988962e-05
61,40,-2.1150455181e-05
61,41,-1.5748703327e-04
61,60,-2.6191931137e-04
61,61,8.2365935645e-03
61,62,4.1933612824e-04
61,63,-1.1135545262e-05
61,64,-5.4283754917e-04
61,65,-6.4638688323e-04
61,84,-9.8938504420e-05
61,85,-2.0090500420e-04
61,86,-1.0148891225e-05
61,87,-1.7501809172e-04
61,88,-2.9642636556e-04
61,89,-2.2251314172e-04
62,0,-6.3574027947e-05
62,1,-4.4224475068e-05
62,2,4.0726940844e-05
62,3,1.0208611636e-04
62,4,7.3488066952e-05
62,5,-1.1026077063e-04
62,24,-7.2665636469e-05
62,25,-7.7744943868e-05
62,26,-1.4635779777e-05
62,27,-1.0510035866e-04
62,28,-1.0977239579e-04
62,29,-9.1696256206e-05
62,30,6.2421560015e-05
62,31,-1.7692916958e-04
62,32,-1.1609512155e-04
62,33,-4.7140846062e-05
62,34,2.4730641930e-04
62,35,-5.6630992291e-05
62,36,-2.0681637784e-04
62,37,-3.5150982406e-04
62,38,-4.3661518102e-04
62,39,1.6282301681e-05
62,40,2.7220517042e-05
62,41,1.9626446500e-04
62,60,-7.2914456462e-04
62,61,4.1933612824e-04
62,62,8.7528834136e-03
62,63,-2.0774252258e-04
62,64,-2.4647874256e-05
62,65,-1.5082301107e-03
62,84,7.2114007664e-05
62,85,-1.6717321955e-04
62,86,-1.6530095114e-04
62,87,6.5895946539e-05
62,88,-2.4383011980e-04
62,89,-3.3357859092e-05
63,0,-1.2682592693e-04
63,1,-1.5334967287e-04
63,2,-8.0963387373e-05
63,3,1.5822256891e-04
63,4,1.8159760835e-04
63,5,-8.6438530936e-05
63,24,9.8389365686e-05
63,25,1.2961412392e-04
63,26,8.8051108003e-05
63,27,1.1784723280e-04
63,28,1.4872440145e-04
63,29,5.5099389875e-05
63,30,-2.9468404160e-04
63,31,4.9976488291e-05
63,32,7.5469749626e-07
63,33,3.8694187440e-04
63,34,-5.7503116267e-06
63,35,-2.5248695430e-04
63,36,3.1936674697e-06
63,37,5.1873945143e-06
63,38,5.8274059994e-06
63,39,-1.6429485092e-05
63,40,-2.7912537784e-05
63,41,-3.1424693797e-07
63,60,-3.5610892373e-04
63,61,-1.1135545262e-05
63,62,-2.0774252258e-04
63,63,6.5364131551e-03
63,64,-8.4129085197e-04
63,65,-3.2319328402e-04
63,84,3.6122586828e-04
63,85,-3.5420699017e-05
63,86,-1.4896846153e-05
63,87,4.8767053781e-04
63,88,1.9961131470e-05
63,89,3.4694269347e-04
64,0,1.4465948165e-04
64,1,1.6333648628e-04
64,2,6.2266022424e-05
64,3,-1.8852646398e-04
64,4,-2.0166852820e-04
64,5,1.2165931370e-04
64,24,-1.2610193095e-04
64,25,-1.6062798272e-04
64,26,-9.7075680158e-05
64,27,-1.5652872045e-04
64,28,-1.9089591758e-04
64,29,-8.5731692331e-05
64,30,-1.0940860634e-04
64,31,-1.8436832999e-04
64,32,3.0289216797e-05
64,33,1.8615549234e-04
64,34,2.6590881737e-04
64,35,-2.2056815737e-04
64,36,-5.6655089789e-06
64,37,-9.2182381389e-06
64,38,-1.0398321019e-05
64,39,2.7997654235e-05
64,40,4.7558024194e-05
64,41,7.2100317874e-07
64,60,-1.1135545262e-05
64,61,-5.4283754917e-04
64,62,-2.4647874256e-05
64,63,-8.4129085197e-04
64,64,4.6888014513e-03
64,65,8.3696332578e-05
64,84,1.0163197966e-04
64,85,2.6185508957e-04
64,86,-1.7530933144e-05
64,87,1.9064871277e-04
64,88,3.7548340524e-04
64,89,2.6072848170e-04
65,0,-6.4297364556e-05
65,1,-1.0052506175e-04
65,2,-9.9491485158e-05
65,3,6.4172931896e-05
65,4,1.0306210762e-04
65,5,2.4801444982e-06
65,24,-5.4566346716e-05
65,25,-8.4389843905e-05
65,26,-8.4464850493e-05
65,27,-5.2609496033e-05
65,28,-8.1759677948e-05
65,29,4.8284857175e-06
65,30,-1.9406304405e-04
65,31,1.5088823429e-04
65,32,-9.7484266944e-06
65,33,2.2987495405e-04
65,34,-1.6095936438e-04
65,35,-9.1498584173e-05
65,36,8.8065529860e-05
65,37,1.4977045581e-04
65,38,1.8627095083e-04
65,39,-5.4263381725e-06
65,40,-9.0715087017e-06
65,41,-8.6515914597e-05
65,60,-2.6421353491e-03
65,61,-6.4638688323e-04
65,62,-1.5082301107e-03
65,63,-3.2319328402e-04
65,64,8.3696332578e-05
65,65,6.4975718747e-03
65,84,-2.8465601983e-04
65,85,1.3615336046e-04
65,86,1.0759639293e-05
65,87,-3.6274163732e-04
65,88,1.3231038799e-04
65,89,-2.0742413754e-04
66,42,-1.0090873113e-04
66,43,-1.2419766160e-04
66,44,-6.7021070136e-05
66,45,-1.2223113362e-04
66,46,-1.4216101854e-04
66,47,-6.2194279020e-05
66,48,-1.9527810017e-04
66,49,-3.2852880014e-04
66,50,-3.9956910140e-04
66,51,-8.5015985433e-06
66,52,-1.6313428538e-05
66,53,1.2918438959e-04
66,54,-1.8521814337e-04
66,55,1.0708943222e-04
66,56,4.7302077761e-05
66,57,2.1584721705e-04
66,58,-8.6184582156e-05
66,59,-9.4603106936e-05
66,66,8.2322188663e-03
66,67,-9.9216140404e-04
66,68,-5.7205895971e-04
66,69,2.2930925258e-04
66,70,-8.2952235323e-05
66,71,-3.0300025309e-03
66,90,-1.8783310720e-04
66,91,1.3094122484e-04
66,92,3.4356721259e-05
66,93,-2.1885689464e-04
66,94,1.1720819156e-04
66,95,-9.6239564069e-05
66,96,-7.7900222855e-05
66,97,-1.0008025692e-04
66,98,-6.1195620632e-05
66,99,1.0029772847e-04
66,100,1.2446519314e-04
66,101,-6.2484837022e-05
66,108,-1.2719089542e-04
66,109,2.1769063981e-04
66,110,-2.7430477117e-04
66,111,-8.9909214767e-06
66,112,1.5430969896e-05
66,113,1.1380258718e-04
67,42,1.1495512137e-04
67,43,1.3199073339e-04
67,44,5.0217881733e-05
67,45,1.4898246322e-04
67,46,1.6243155038e-04
67,47,9.7223452135e-05
67,48,3.2985393080e-04
67,49,5.5481074127e-04
67,50,6.7446331089e-04
67,51,1.2627088647e-05
67,52,2.4634319009e-05
67,53,-2.1838050842e-04
67,54,-8.5785788737e-05
67,55,-3.9287041446e-05
67,56,1.3682586112e-04
67,57,1.4226333335e-04
67,58,3.9216911773e-05
67,59,-1.5401930256e-04
67,66,-9.9216140404e-04
67,67,7.7531532648e-03
67,68,-4.5529935709e-04
67,69,-8.2952235323e-05
67,70,4.3406874991e-04
67,71,-7.4368824282e-04
67,90,-1.0642246033e-04
67,91,2.1468347443e-08
67,92,1.3507774287e-04
67,93,-1.6375671747e-04
67,94,7.7050829966e-06
67,95,-1.5810823573e-04
67,96,9.4923090628e-05
67,97,1.1730745593e-04
67,98,6.1231077702e-05
67,99,-1.2715105104e-04
67,100,-1.5202713432e-04
67,101,9.0349001458e-05
67,108,-2.1735808474e-04
67,109,3.7196123065e-04
67,110,-4.6855776526e-04
67,111,-1.5316656579e-05
67,112,2.6284211271e-05
67,113,1.9448623356e-04
68,42,-4.6094920441e-05
68,43,-3.2545373688e-05
68,44,3.5055472137e-05
68,45,-8.0636988012e-05
68,46,-6.5345566206e-05
68,47,-9.6516456633e-05
68,48,-4.0457591115e-04
68,49,-6.8017381833e-04
68,50,-8.2604179338e-04
68,51,-1.1066531433e-05
68,52,-2.2765265555e-05
68,53,2.6826538748e-04
68,54,5.3664438851e-05
68,55,-1.2308429433e-04
68,56,6.2632829546e-05
68,57,-1.8740113830e-05
68,58,1.2506189313e-04
68,59,-9.6352349393e-05
68,66,-5.7205895971e-04
68,67,-4.5529935709e-04
68,68,8.5369083204e-03
68,69,2.2787944854e-04
68,70,-4.1096257024e-05
68,71,-1.4173019311e-03
68,90,4.9250318920e-05
68,91,-1.2829681269e-04
68,92,1.0815470105e-04
68,93,7.0172810457e-06
68,94,-1.1913326008e-04
68,95,-1.1438531715e-04
68,96,-4.8074517294e-05
68,97,-4.9112541461e-05
68,98,-1.7040158740e-06
68,99,7.5345275590e-05
68,100,7.7537462241e-05
68,101,-7.7584632967e-05
68,108,-2.7301883038e-04
68,109,4.6707406435e-04
68,110,-5.8800951554e-04
68,111,-1.9115698505e-05
68,112,3.2794396394e-05
68,113,2.4430944794e-04
69,42,1.3043564935e-04
69,43,1.6748634855e-04
69,44,1.0575112718e-04
69,45,1.5078922716e-04
69,46,1.8330170279e-04
69,47,6.0868670054e-05
69,48,-1.9497890996e-05
69,49,-3.4590357957e-05
69,50,-4.6621160489e-05
69,51,-7.1523891125e-05
69,52,-1.2060779449e-04
69,53,6.0184936012e-06
69,54,-2.3250750662e-04
69,55,1.6686054039e-04
69,56,1.7453358885e-05
69,57,2.5542867495e-04
69,58,-1.3700191585e-04
69,59,-7.8290026291e-05
69,66,2.2930925258e-04
69,67,-8.2952235323e-05
69,68,2.2787944854e-04
69,69,5.5450246966e-03
69,70,-1.6600218175e-03
69,71,1.4553589557e-04
69,90,2.2199290185e-04
69,91,-1.8901632714e-04
69,92,1.2801645012e-05
69,93,2.4020752878e-04
69,94,-1.6558111734e-04
69,95,6.5667393230e-05
69,96,-1.0848700147e-04
69,97,-1.4269519427e-04
69,98,-9.4758685582e-05
69,99,1.3607894341e-04
69,100,1.7298371861e-04
69,101,-7.6654355001e-05
69,108,-9.5510082004e-06
69,109,1.6388008663e-05
69,110,-2.0755748480e-05
69,111,-2.4622748557e-05
69,112,4.2148620492e-05
69,113,4.7603986753e-06
70,42,-1.4032811362e-04
70,43,-1.6835484827e-04
70,44,-8.0617871668e-05
70,45,-1.7435381609e-04
70,46,-1.9833521806e-04
70,47,-9.7711287479e-05
70,48,3.1388834402e-05
70,49,5.5814932023e-05
70,50,7.5537734140e-05
70,51,1.2057417504e-04
70,52,2.0326223865e-04
70,53,-9.7206975657e-06
70,54,-7.2049094000e-05
70,55,-5.4904123953e-05
70,56,1.5714583667e-04
70,57,1.2985948084e-04
70,58,4.6513650279e-05
70,59,-1.5320511515e-04
70,66,-8.2952235323e-05
70,67,4.3406874991e-04
70,68,-4.1096257024e-05
70,69,-1.6600218175e-03
70,70,3.9160860248e-03
70,71,-2.2737024730e-04
70,90,8.7126680760e-05
70,91,7.5066869375e-06
70,92,-1.3440544844e-04
70,93,1.3804903041e-04
70,94,-6.1379732697e-06
70,95,1.3631526470e-04
70,96,1.2838835872e-04
70,97,1.6252248680e-04
70,98,9.3724285840e-05
70,99,-1.6778914282e-04
70,100,-2.0537912820e-04
70,101,1.0993523544e-04
70,108,-1.6275216878e-05
70,109,2.7921899146e-05
70,110,-3.5353767546e-05
70,111,-4.2071214928e-05
70,112,7.2006212647e-05
70,113,8.1020307254e-06
71,42,-8.2433696255e-05
71,43,-1.2153797728e-04
71,44,-1.1048358185e-04
71,45,-7.9017677389e-05
71,46,-1.1436576187e-04
71,47,5.1068307678e-06
71,48,1.4578312799e-04
71,49,2.4486109875e-04
71,50,2.9677687429e-04
71,51,-9.4324124784e-06
71,52,-1.4963163403e-05
71,53,-1.2355627567e-04
71,54,-1.3371539167e-04
71,55,1.6833880258e-04
71,56,-8.9197441925e-05
71,57,1.1223802438e-04
71,58,-1.4064887134e-04
71,59,4.3980346187e-05
71,66,-3.0300025309e-03
71,67,-7.4368824282e-04
71,68,-1.4173019311e-03
71,69,1.4553589557e-04
71,70,-2.2737024730e-04
71,71,5.9309177581e-03
71,90,-1.0324178623e-04
71,91,1.6251487071e-04
71,92,-1.2848713369e-04
71,93,-7.1530582008e-05
71,94,1.3290631945e-04
71,95,7.2327575693e-05
71,96,-8.4854261898e-05
71,97,-1.1935040878e-04
71,98,-9.6489199273e-05
71,99,9.8040670399e-05
71,100,1.3434201199e-04
71,101,-3.5954378286e-05
71,108,1.1551368018e-04
71,109,-1.9769785362e-04
71,110,2.4909475125e-04
71,111,4.1444206110e-06
71,112,-7.1247184230e-06
71,113,-1.0849899200e-04
72,0,-1.0478037554e-04
72,1,-1.1815693113e-04
72,2,-4.5360556420e-05
72,3,-1.3675874942e-04
72,4,-1.4570500933e-04
72,5,-8.9034375899e-05
72,12,-7.9189359152e-05
72,13,-9.9801796891e-05
72,14,-5.8132008526e-05
72,15,9.9488171074e-05
72,16,1.1987594832e-04
72,17,-5.7367215081e-05
72,18,-2.5850863709e-04
72,19,-7.8028688087e-06
72,20,8.4113547387e-06
72,21,3.5565772572e-04
72,22,6.0056131512e-05
72,23,-2.6876118996e-04
72,30,-2.2471577365e-04
72,31,-1.4642962362e-06
72,32,5.2734755018e-09
72,33,-3.0347096111e-04
72,34,-4.9084109347e-05
72,35,-2.1790074474e-04
72,72,8.8652590278e-03
72,73,-2.6194777977e-04
72,74,-7.2789617634e-04
72,75,3.5621051759e-04
72,76,1.1211136683e-05
72,77,-2.6409531905e-03
72,108,-9.7482919673e-05
72,109,-1.6577042562e-04
72,110,-2.0613019659e-04
72,111,-7.3085586681e-06
72,112,-1.2215205155e-05
72,113,9.2551196847e-05
73,0,1.2671224541e-04
73,1,1.3274394200e-04
73,2,2.9274164911e-05
73,3,1.7244950230e-04
73,4,1.7092889123e-04
73,5,1.2829019223e-04
73,12,1.0538993547e-04
73,13,1.2818148075e-04
73,14,6.4286634214e-05
73,15,-1.3704559640e-04
73,16,-1.5955575559e-04
73,17,8.9383964388e-05
73,18,-9.8899149225e-05
73,19,-2.0088881858e-04
73,20,-1.0139269211e-05
73,21,1.7495703188e-04
73,22,2.9642704672e-04
73,23,-2.2246481188e-04
73,30,-1.1155410793e-04
73,31,-1.6044277239e-04
73,32,-2.3244559131e-06
73,33,-1.8409132824e-04
73,34,-2.4027545532e-04
73,35,-2.0915403538e-04
73,72,-2.6194777977e-04
73,73,8.2382726019e-03
73,74,4.1890656818e-04
73,75,1.1211136683e-05
73,76,5.4298261566e-04
73,77,-6.4620947950e-04
73,108,1.6598515267e-04
73,109,2.8221355335e-04
73,110,3.5080518482e-04
73,111,1.2641313705e-05
73,112,2.1130448034e-05
73,113,-1.5755484012e-04
74,0,-6.3601241441e-05
74,1,-4.4287752036e-05
74,2,4.0653404100e-05
74,3,-1.0211704099e-04
74,4,-7.3568270548e-05
74,5,-1.1027259108e-04
74,12,-7.2648284922e-05
74,13,-7.7747073150e-05
74,14,-1.4682461978e-05
74,15,1.0508014222e-04
74,16,1.0978149020e-04
74,17,-9.1689093988e-05
74,18,7.2099343663e-05
74,19,-1.6712349197e-04
74,20,-1.6528707857e-04
74,21,-6.5924925896e-05
74,22,2.4379123032e-04
74,23,-3.3234694671e-05
74,30,6.2422381221e-05
74,31,-1.7688364709e-04
74,32,-1.1611640532e-04
74,33,4.7178421223e-05
74,34,-2.4727387022e-04
74,35,-5.6532867166e-05
74,72,-7.2789617634e-04
74,73,4.1890656818e-04
74,74,8.7546125569e-03
74,75,2.0779049570e-04
74,76,2.4573448456e-05
74,77,-1.5082686406e-03
74,108,-2.0695361314e-04
74,109,-3.5175128448e-04
74,110,-4.3693603305e-04
74,111,-1.6265735026e-05
74,112,-2.7194287720e-05
74,113,1.9635759591e-04
75,0,1.2680609825e-04
75,1,1.5334615986e-04
75,2,8.0996782528e-05
75,3,1.5821770664e-04
75,4,1.8162412802e-04
75,5,8.6476641103e-05
75,12,-9.8360944187e-05
75,13,-1.2958397099e-04
75,14,-8.8043318588e-05
75,15,1.1784757252e-04
75,16,1.4874072673e-04
75,17,-5.5167573863e-05
75,18,-3.6122348045e-04
75,19,3.5396263475e-05
75,20,1.4878604044e-05
75,21,4.8776103376e-04
75,22,1.9942265496e-05
75,23,-3.4720386627e-04
75,30,2.9470487012e-04
75,31,-4.9941795366e-05
75,32,-7.6302122737e-07
75,33,3.8703019655e-04
75,34,-5.7366944212e-06
75,35,2.5267145219e-04
75,72,3.5621051759e-04
75,73,1.1211136683e-05
75,74,2.0779049570e-04
75,75,6.5380260119e-03
75,76,-8.4116067912e-04
75,77,3.2350140354e-04
75,108,-3.2083664269e-06
75,109,-5.2132276296e-06
75,110,-5.8616488512e-06
75,111,-1.6459500988e-05
75,112,-2.7964301450e-05
75,113,3.2704038223e-07
76,0,-1.4466438845e-04
76,1,-1.6337307454e-04
76,2,-6.2335638914e-05
76,3,-1.8855052793e-04
76,4,-2.0174207883e-04
76,5,-1.2171042550e-04
76,12,1.2608010745e-04
76,13,1.6061274615e-04
76,14,9.7089392357e-05
76,15,-1.5654091100e-04
76,16,-1.9093562437e-04
76,17,8.5815184187e-05
76,18,-1.0162275935e-04
76,19,-2.6189236980e-04
76,20,1.7520518637e-05
76,21,1.9063188569e-04
76,22,3.7558394960e-04
76,23,-2.6072834105e-04
76,30,1.0939546790e-04
76,31,1.8442788867e-04
76,32,-3.0268767632e-05
76,33,1.8615073786e-04
76,34,2.6601261917e-04
76,35,2.2060596397e-04
76,72,1.1211136683e-05
76,73,5.4298261566e-04
76,74,2.4573448456e-05
76,75,-8.4116067912e-04
76,76,4.6915122069e-03
76,77,-8.3512964114e-05
76,108,5.6899942934e-06
76,109,9.2612955319e-06
76,110,1.0455455061e-05
76,111,2.8049265931e-05
76,112,4.7647009838e-05
76,113,-7.4218286603e-07
77,0,-6.4317001122e-05
77,1,-1.0053945706e-04
77,2,-9.9487446339e-05
77,3,-6.4220598546e-05
77,4,-1.0310711011e-04
77,5,2.4072752202e-06
77,12,-5.4592673222e-05
77,13,-8.4411756825e-05
77,14,-8.4453798271e-05
77,15,5.2680664749e-05
77,16,8.1839668668e-05
77,17,4.7181441621e-06
77,18,-2.8476211533e-04
77,19,1.3606836741e-04
77,20,1.0748647236e-05
77,21,3.6298832542e-04
77,22,-1.3223992906e-04
77,23,-2.0781305473e-04
77,30,-1.9416294201e-04
77,31,1.5081943351e-04
77,32,-9.7265676233e-06
77,33,-2.3007013422e-04
77,34,1.6089360551e-04
77,35,-9.1755610428e-05
77,72,-2.6409531905e-03
77,73,-6.4620947950e-04
77,74,-1.5082686406e-03
77,75,3.2350140354e-04
77,76,-8.3512964114e-05
77,77,6.4982475807e-03
77,108,8.8093331111e-05
77,109,1.4982121697e-04
77,110,1.8634296087e-04
77,111,5.4109829736e-06
77,112,9.0461616005e-06
77,113,-8.6535210649e-05
78,6,-2.3280810863e-04
78,7,1.1232668662e-06
78,8,5.9290274529e-20
78,9,3.3080905144e-04
78,10,-4.0892384890e-05
78,11,-2.7257459819e-04
78,78,8.7325915051e-03
78,79,1.0717363710e-04
78,80,1.4973576464e-04
78,81,-1.6007269241e-03
78,82,2.5787599879e-04
78,83,-3.9446310255e-04
78,102,-7.7898390290e-05
78,103,9.4933100150e-05
78,104,-4.8107168737e-05
78,105,1.0848721746e-04
78,106,-1.2840603733e-04
78,107,-8.4860222614e-05
78,114,-1.5827943181e-04
78,115,2.6768944586e-04
78,116,-3.2914520023e-04
78,117,8.6255950512e-05
78,118,-1.4466525437e-04
78,119,4.1342108312e-05
79,6,9.5731834594e-05
79,7,-1.7751014212e-04
79,8,1.9100791973e-06
79,9,-1.6588174514e-04
79,10,2.6853632465e-04
79,11,2.0693164056e-04
79,78,1.0717363710e-04
79,79,8.8933015788e-03
79,80,-2.2515212329e-04
79,81,2.5787599879e-04
79,82,-2.3863723803e-03
79,83,3.5115711207e-04
79,102,-1.0008266106e-04
79,103,1.1732566924e-04
79,104,-4.9154583475e-05
79,105,1.4270193694e-04
79,106,-1.6255258213e-04
79,107,-1.1936301018e-04
79,114,-2.6790671512e-04
79,115,4.5300678383e-04
79,116,-5.5677600022e-04
79,117,1.4716959242e-04
79,118,-2.4679507431e-04
79,119,6.8549282184e-05
80,6,6.5750104077e-05
80,7,1.6247549560e-04
80,8,-1.3640911762e-04
80,9,-6.5979979707e-05
80,10,-2.4019353883e-04
80,11,-1.4050679895e-05
80,78,1.4973576464e-04
80,79,-2.2515212329e-04
80,80,9.4087908095e-03
80,81,-8.7310800298e-04
80,82,-1.7154511025e-04
80,83,-6.0886608459e-04
80,102,-6.1208612888e-05
80,103,6.1254615391e-05
80,104,-1.7287375658e-06
80,105,9.4778942593e-05
80,106,-9.3760296319e-05
80,107,-9.6510314627e-05
80,114,-3.2997109756e-04
80,115,5.5772081886e-04
80,116,-6.8487725450e-04
80,117,1.8425359981e-04
80,118,-3.0889807607e-04
80,119,8.0777437213e-05
81,6,-3.1876398170e-04
81,7,-4.4244037011e-05
81,8,4.9419653964e-07
81,9,4.4512352704e-04
81,10,9.1004625049e-06
81,11,-3.4834705814e-04
81,78,-1.6007269241e-03
81,79,2.5787599879e-04
81,80,-8.7310800298e-04
81,81,8.4214024118e-03
81,82,4.2182942213e-04
81,83,-2.7725579677e-03
81,102,-1.0030088784e-04
81,103,1.2716991786e-04
81,104,-7.5390424184e-05
81,105,1.3608796750e-04
81,106,-1.6782086374e-04
81,107,-9.8057372195e-05
81,114,6.7286570579e-05
81,115,-1.1246290871e-04
81,116,1.3487433031e-04
81,117,-1.1852297107e-04
81,118,1.9920743287e-04
81,119,8.2170165584e-05
82,6,9.6223684763e-05
82,7,-2.2405548823e-04
82,8,-2.8704808376e-05
82,9,-1.7438394336e-04
82,10,3.3002724321e-04
82,11,2.3138595391e-04
82,78,2.5787599879e-04
82,79,-2.3863723803e-03
82,80,-1.7154511025e-04
82,81,4.2182942213e-04
82,82,8.0887377218e-03
82,83,4.8902106195e-04
82,102,-1.2447583106e-04
82,103,1.5205810013e-04
82,104,-7.7593895888e-05
82,105,1.7300412552e-04
82,106,-2.0542891664e-04
82,107,-1.3436997000e-04
82,114,1.1518383693e-04
82,115,-1.9250623728e-04
82,116,2.3083694588e-04
82,117,-2.0181688179e-04
82,118,3.3914143529e-04
82,119,1.3989241113e-04
83,6,-2.3763535636e-04
83,7,-1.3902096508e-04
83,8,-7.4754209896e-06
83,9,3.1370715676e-04
83,10,1.5614288654e-04
83,11,-2.0235333185e-04
83,78,-3.9446310255e-04
83,79,3.5115711207e-04
83,80,-6.0886608459e-04
83,81,-2.7725579677e-03
83,82,4.8902106195e-04
83,83,8.8597712248e-03
83,102,-6.2497549574e-05
83,103,9.0372947674e-05
83,104,-7.7620765744e-05
83,105,7.6676761842e-05
83,106,-1.0997287777e-04
83,107,-3.5981420005e-05
83,114,4.4154666777e-05
83,115,-7.5945646340e-05
83,116,9.6609162977e-05
83,117,5.3746754938e-05
83,118,-8.9929642089e-05
83,119,-1.4868016114e-04
84,24,-1.9927622767e-04
84,25,-3.3630756736e-04
84,26,-4.1171659350e-04
84,27,9.1230079825e-05
84,28,1.5190459293e-04
84,29,5.5588586825e-05
84,60,-2.5854715957e-04
84,61,-9.8938504420e-05
84,62,7.2114007664e-05
84,63,3.6122586828e-04
84,64,1.0163197966e-04
84,65,-2.8465601983e-04
84,84,7.8134596813e-03
84,85,6.0396672623e-04
84,86,8.1085723665e-04
84,87,-1.2775894792e-03
84,88,7.9009165519e-04
84,89,-3.1871095591e-04
85,24,3.3562146005e-04
85,25,5.6628098159e-04
85,26,6.9292343905e-04
85,27,-1.5586571828e-04
85,28,-2.5951845752e-04
85,29,-9.1354115707e-05
85,60,-7.8119441798e-06
85,61,-2.0090500420e-04
85,62,-1.6717321955e-04
85,63,-3.5420699017e-05
85,64,2.6185508957e-04
85,65,1.3615336046e-04
85,84,6.0396672623e-04
85,85,8.5719033229e-03
85,86,7.5651751652e-04
85,87,7.9009165519e-04
85,88,-1.3981844023e-03
85,89,6.6395932999e-04
86,24,-4.0912267591e-04
86,25,-6.8996405640e-04
86,26,-8.4340857457e-04
86,27,1.9564395114e-04
86,28,3.2572242245e-04
86,29,1.0555884721e-04
86,60,8.4216217282e-06
86,61,-1.0148891225e-05
86,62,-1.6530095114e-04
86,63,-1.4896846153e-05
86,64,-1.7530933144e-05
86,65,1.0759639293e-05
86,84,8.1085723665e-04
86,85,7.5651751652e-04
86,86,9.2338841221e-03
86,87,-1.2866339890e-04
86,88,8.8409586200e-04
86,89,9.0623972754e-05
87,24,6.6961140830e-05
87,25,1.1075239162e-04
87,26,1.2983893199e-04
87,27,-1.4881824357e-04
87,28,-2.4942837268e-04
87,29,1.0228301318e-04
87,60,-3.5565307433e-04
87,61,-1.7501809172e-04
87,62,6.5895946539e-05
87,63,4.8767053781e-04
87,64,1.9064871277e-04
87,65,-3.6274163732e-04
87,84,-1.2775894792e-03
87,85,7.9009165519e-04
87,86,-1.2866339890e-04
87,87,7.5623762411e-03
87,88,1.2003802705e-03
87,89,-2.2669832858e-03
88,24,-1.1520872683e-04
88,25,-1.9059156959e-04
88,26,-2.2353902574e-04
88,27,2.5249825043e-04
88,28,4.2310748012e-04
88,29,-1.7352276940e-04
88,60,-6.0106299652e-05
88,61,-2.9642636556e-04
88,62,-2.4383011980e-04
88,63,1.9961131470e-05
88,64,3.7548340524e-04
88,65,1.3231038799e-04
88,84,7.9009165519e-04
88,85,-1.3981844023e-03
88,86,8.8409586200e-04
88,87,1.2003802705e-03
88,88,8.3882914632e-03
88,89,1.0851477708e-03
89,24,5.2818653896e-05
89,25,9.0832923066e-05
89,26,1.1549277855e-04
89,27,6.4603036525e-05
89,28,1.0760319086e-04
89,29,-1.7568682018e-04
89,60,-2.6863837927e-04
89,61,-2.2251314172e-04
89,62,-3.3357859092e-05
89,63,3.4694269347e-04
89,64,2.6072848170e-04
89,65,-2.0742413754e-04
89,84,-3.1871095591e-04
89,85,6.6395932999e-04
89,86,9.0623972754e-05
89,87,-2.2669832858e-03
89,88,1.0851477708e-03
89,89,7.8603566826e-03
90,0,-1.1525624755e-04
90,1,1.9712271693e-04
90,2,-2.4801195366e-04
90,3,-2.9456926166e-08
90,4,4.7839939250e-08
90,5,1.1035153915e-04
90,36,-1.3928749887e-04
90,37,1.4087594774e-04
90,38,-2.9412454874e-05
90,39,-1.6680592360e-04
90,40,1.5167382876e-04
90,41,-8.1556563446e-05
90,42,-9.3662534134e-05
90,43,-1.6029412843e-04
90,44,-2.0194505258e-04
90,45,9.6998205959e-09
90,46,1.5814972613e-08
90,47,8.6310423442e-05
90,66,-1.8783310720e-04
90,67,-1.0642246033e-04
90,68,4.9250318920e-05
90,69,2.2199290185e-04
90,70,8.7126680760e-05
90,71,-1.0324178623e-04
90,90,8.4763693636e-03
90,91,5.3856492588e-04
90,92,-1.3839891558e-03
90,93,-3.2494245806e-08
90,94,-3.6924656538e-08
90,95,-3.4804679022e-03
90,102,-1.8781467342e-04
90,103,-1.0642403422e-04
90,104,4.9241168702e-05
90,105,-2.2195664508e-04
90,106,-8.7120764372e-05
90,107,-1.0319922398e-04
90,108,-1.3928993447e-04
90,109,1.4091767670e-04
90,110,-2.9499407544e-05
90,111,1.6678173892e-04
90,112,-1.5169042178e-04
90,113,-8.1496007592e-05
91,0,-1.9737840520e-04
91,1,3.3752769566e-04
91,2,-4.2453705579e-04
91,3,-5.2716627229e-08
91,4,8.5798419987e-08
91,5,1.8897900220e-04
91,36,-1.4114177986e-04
91,37,1.1957376708e-04
91,38,2.2614259269e-05
91,39,-1.8602848039e-04
91,40,1.4313150996e-04
91,41,-1.2816983146e-04
91,42,1.6019706349e-04
91,43,2.7411956547e-04
91,44,3.4523772286e-04
91,45,-1.7409455776e-08
91,46,-2.8446950933e-08
91,47,-1.4762227495e-04
91,66,1.3094122484e-04
91,67,2.1468347443e-08
91,68,-1.2829681269e-04
91,69,-1.8901632714e-04
91,70,7.5066869375e-06
91,71,1.6251487071e-04
91,90,5.3856492588e-04
91,91,7.2650861877e-03
91,92,1.7492860324e-04
91,93,-3.6924656538e-08
91,94,1.6098720423e-08
91,95,2.8144254174e-04
91,102,1.3096590515e-04
91,103,6.4803229739e-08
91,104,-1.2828431470e-04
91,105,1.8903268484e-04
91,106,-7.4622538088e-06
91,107,1.6249273027e-04
91,108,-1.4117936105e-04
91,109,1.1965469129e-04
91,110,2.2526273537e-05
91,111,1.8605092286e-04
91,112,-1.4320455935e-04
91,113,-1.2813475074e-04
92,0,-2.4900212119e-04
92,1,4.2568033991e-04
92,2,-5.3508278583e-04
92,3,-7.2335944171e-08
92,4,1.1817716265e-07
92,5,2.3840587674e-04
92,36,-3.0071874067e-05
92,37,-2.2102366645e-05
92,38,1.0855567661e-04
92,39,-7.4535949147e-05
92,40,6.2861295611e-06
92,41,-1.2282983820e-04
92,42,-2.0156913706e-04
92,43,-3.4480366186e-04
92,44,-4.3397458850e-04
92,45,2.4007773754e-08
92,46,3.9378852410e-08
92,47,1.8574681610e-04
92,66,3.4356721259e-05
92,67,1.3507774287e-04
92,68,1.0815470105e-04
92,69,1.2801645012e-05
92,70,-1.3440544844e-04
92,71,-1.2848713369e-04
92,90,-1.3839891558e-03
92,91,1.7492860324e-04
92,92,8.4251248584e-03
92,93,5.4459108872e-08
92,94,-1.7234610888e-07
92,95,-1.6996051118e-03
92,102,3.4313465047e-05
92,103,1.3505587187e-04
92,104,1.0819761357e-04
92,105,-1.2866478757e-05
92,106,1.3436460002e-04
92,107,-1.2853649677e-04
92,108,-3.0146401844e-05
92,109,-2.2024493499e-05
92,110,1.0856901467e-04
92,111,7.4640036930e-05
92,112,-6.4047859333e-06
92,113,-1.2289988315e-04
93,0,2.1361558467e-08
93,1,-3.9222855580e-08
93,2,5.6246743548e-08
93,3,-1.7596523355e-05
93,4,3.0095327074e-05
93,5,-3.0508745714e-08
93,36,1.6708407832e-04
93,37,-1.8590906715e-04
93,38,7.3546107180e-05
93,39,1.8760135037e-04
93,40,-1.8956845904e-04
93,41,6.4377351746e-05
93,42,-7.8643814207e-09
93,43,-1.4137366607e-08
93,44,-1.9551791689e-08
93,45,-1.4315135711e-05
93,46,-2.4498933569e-05
93,47,1.0562020933e-08
93,66,-2.1885689464e-04
93,67,-1.6375671747e-04
93,68,7.0172810457e-06
93,69,2.4020752878e-04
93,70,1.3804903041e-04
93,71,-7.1530582008e-05
93,90,-3.2494245806e-08
93,91,-3.6924656538e-08
93,92,5.4459108872e-08
93,93,5.3885234839e-03
93,94,7.9188550043e-04
93,95,-4.3495011886e-08
93,102,2.1881951365e-04
93,103,1.6374946269e-04
93,104,-6.9968602709e-06
93,105,2.4014278187e-04
93,106,1.3802832326e-04
93,107,7.1465631611e-05
93,108,-1.6706112012e-04
93,109,1.8593860935e-04
93,110,-7.3668418177e-05
93,111,1.8753190386e-04
93,112,-1.8955059430e-04
93,113,-6.4269709741e-05
94,0,3.4157365276e-08
94,1,-6.3013680077e-08
94,2,9.1067787836e-08
94,3,-3.0134364199e-05
94,4,5.1531384177e-05
94,5,-5.0234373622e-08
94,36,1.5231876108e-04
94,37,-1.4339700553e-04
94,38,5.5414855867e-06
94,39,1.9014669263e-04
94,40,-1.6257916882e-04
94,41,1.0853116800e-04
94,42,1.2733887473e-08
94,43,2.2949244996e-08
94,44,3.1879963653e-08
94,45,2.4484098429e-05
94,46,4.1895714404e-05
94,47,-1.7515548169e-08
94,66,1.1720819156e-04
94,67,7.7050829966e-06
94,68,-1.1913326008e-04
94,69,-1.6558111734e-04
94,70,-6.1379732697e-06
94,71,1.3290631945e-04
94,90,-3.6924656538e-08
94,91,1.6098720423e-08
94,92,-1.7234610888e-07
94,93,7.9188550043e-04
94,94,2.8007862535e-03
94,95,1.1840410502e-07
94,102,-1.1722832566e-04
94,103,-7.7625950433e-06
94,104,1.1909271591e-04
94,105,-1.6558353734e-04
94,106,-6.1939278596e-06
94,107,-1.3285920576e-04
94,108,-1.5233296747e-04
94,109,1.4347236991e-04
94,110,-5.6726750950e-06
94,111,1.9012406604e-04
94,112,-1.6262663931e-04
94,113,-1.0844016131e-04
95,0,1.0794893180e-04
95,1,-1.8462501643e-04
95,2,2.3228784159e-04
95,3,3.4881906875e-08
95,4,-5.7645202267e-08
95,5,-1.0604169735e-04
95,36,-8.2198027186e-05
95,37,1.2851789519e-04
95,38,-1.2203685637e-04
95,39,-6.4926898726e-05
95,40,1.0860146072e-04
95,41,4.0480630305e-05
95,42,9.0802138414e-05
95,43,1.5539884500e-04
95,44,1.9577777539e-04
95,45,-1.2091284000e-08
95,46,-2.0023960818e-08
95,47,-8.5862443994e-05
95,66,-9.6239564069e-05
95,67,-1.5810823573e-04
95,68,-1.1438531715e-04
95,69,6.5667393230e-05
95,70,1.3631526470e-04
95,71,7.2327575693e-05
95,90,-3.4804679022e-03
95,91,2.8144254174e-04
95,92,-1.6996051118e-03
95,93,-4.3495011887e-08
95,94,1.1840410502e-07
95,95,6.1812818665e-03
95,102,-9.6195250876e-05
95,103,-1.5808155480e-04
95,104,-1.1440496043e-04
95,105,-6.5601442398e-05
95,106,-1.3627133792e-04
95,107,7.2375647181e-05
95,108,-8.2140140478e-05
95,109,1.2849067490e-04
95,110,-1.2212403241e-04
95,111,6.4821446703e-05
95,112,-1.0851631736e-04
95,113,4.0588755881e-05
96,48,-2.3284678471e-04
96,49,1.1237084564e-06
96,50,1.0883164103e-19
96,51,-3.3082935449e-04
96,52,4.0919503802e-05
96,53,-2.7251738236e-04
96,54,-1.5825843222e-04
96,55,2.6764595463e-04
96,56,-3.2907148788e-04
96,57,-8.6271356556e-05
96,58,1.4468411960e-04
96,59,4.1327808026e-05
96,66,-7.7900222855e-05
96,67,9.4923090628e-05
96,68,-4.8074517294e-05
96,69,-1.0848700147e-04
96,70,1.2838835872e-04
96,71,-8.4854261898e-05
96,96,8.7324885604e-03
96,97,1.0724877113e-04
96,98,1.4917106005e-04
96,99,1.6014576711e-03
96,100,-2.5815136427e-04
96,101,-3.9473847103e-04
97,48,9.5750866934e-05
97,49,-1.7753784052e-04
97,50,1.9108094648e-06
97,51,1.6591447820e-04
97,52,-2.6856087990e-04
97,53,2.0696518775e-04
97,54,-2.6786399754e-04
97,55,4.5292095959e-04
97,56,-5.5663603083e-04
97,57,-1.4719439784e-04
97,58,2.4682479415e-04
97,59,6.8519542627e-05
97,66,-1.0008025692e-04
97,67,1.1730745593e-04
97,68,-4.9112541461e-05
97,69,-1.4269519427e-04
97,70,1.6252248680e-04
97,71,-1.1935040878e-04
97,96,1.0724877113e-04
97,97,8.8926869025e-03
97,98,-2.2537377672e-04
97,99,-2.5815136427e-04
97,100,2.3872983155e-03
97,101,3.5143533764e-04
98,48,6.5761404665e-05
98,49,1.6250597648e-04
98,50,-1.3642931358e-04
98,51,6.5967019033e-05
98,52,2.4021853460e-04
98,53,-1.4122833562e-05
98,54,-3.2990028983e-04
98,55,5.5758415172e-04
98,56,-6.8466633500e-04
98,57,-1.8428085291e-04
98,58,3.0892894409e-04
98,59,8.0726813927e-05
98,66,-6.1195620632e-05
98,67,6.1231077702e-05
98,68,-1.7040158740e-06
98,69,-9.4758685582e-05
98,70,9.3724285840e-05
98,71,-9.6489199273e-05
98,96,1.4917106005e-04
98,97,-2.2537377672e-04
98,98,9.4078237847e-03
98,99,8.7332504786e-04
98,100,1.7139864148e-04
98,101,-6.0865417164e-04
99,48,3.1877230187e-04
99,49,4.4277009377e-05
99,50,-4.9466882074e-07
99,51,4.4507830386e-04
99,52,9.1118162488e-06
99,53,3.4818856893e-04
99,54,-6.7288835227e-05
99,55,1.1246010264e-04
99,56,-1.3485414510e-04
99,57,-1.1850863660e-04
99,58,1.9917392737e-04
99,59,-8.2171482226e-05
99,66,1.0029772847e-04
99,67,-1.2715105104e-04
99,68,7.5345275590e-05
99,69,1.3607894341e-04
99,70,-1.6778914282e-04
99,71,9.8040670399e-05
99,96,1.6014576711e-03
99,97,-2.5815136427e-04
99,98,8.7332504786e-04
99,99,8.4210578190e-03
99,100,4.2215376452e-04
99,101,2.7734039926e-03
100,48,-9.6206380411e-05
100,49,2.2404488729e-04
100,50,2.8726723495e-05
100,51,-1.7436255692e-04
100,52,3.2997857101e-04
100,53,-2.3136491321e-04
100,54,-1.1518765330e-04
100,55,1.9250141508e-04
100,56,-2.3080258764e-04
100,57,-2.0179032529e-04
100,58,3.3908074215e-04
100,59,-1.3989296444e-04
100,66,1.2446519314e-04
100,67,-1.5202713432e-04
100,68,7.7537462241e-05
100,69,1.7298371861e-04
100,70,-2.0537912820e-04
100,71,1.3434201199e-04
100,96,-2.5815136427e-04
100,97,2.3872983155e-03
100,98,1.7139864148e-04
100,99,4.2215376452e-04
100,100,8.0880488359e-03
100,101,-4.8923507655e-04
101,48,-2.3754952163e-04
101,49,-1.3910362176e-04
101,50,-7.4858014323e-06
101,51,-3.1352378964e-04
101,52,-1.5623125772e-04
101,53,-2.0207410575e-04
101,54,4.4148872864e-05
101,55,-7.5936918728e-05
101,56,9.6600999343e-05
101,57,-5.3729710464e-05
101,58,8.9895512756e-05
101,59,-1.4866791992e-04
101,66,-6.2484837022e-05
101,67,9.0349001458e-05
101,68,-7.7584632967e-05
101,69,-7.6654355001e-05
101,70,1.0993523544e-04
101,71,-3.5954378286e-05
101,96,-3.9473847103e-04
101,97,3.5143533764e-04
101,98,-6.0865417164e-04
101,99,2.7734039926e-03
101,100,-4.8923507655e-04
101,101,8.8598034197e-03
102,6,-1.9532866962e-04
102,7,-3.2863333134e-04
102,8,-3.9974536343e-04
102,9,8.5350164747e-06
102,10,1.6364127168e-05
102,11,1.2919258323e-04
102,36,-1.2721345416e-04
102,37,2.1771334494e-04
102,38,-2.7429258451e-04
102,39,8.9532810593e-06
102,40,-1.5369573295e-05
102,41,1.1382308488e-04
102,42,-1.0090339070e-04
102,43,-1.2418193577e-04
102,44,-6.6993211192e-05
102,45,1.2223506903e-04
102,46,1.4215653456e-04
102,47,-6.2215193654e-05
102,78,-7.7898390290e-05
102,79,-1.0008266106e-04
102,80,-6.1208612888e-05
102,81,-1.0030088784e-04
102,82,-1.2447583106e-04
102,83,-6.2497549574e-05
102,90,-1.8781467342e-04
102,91,1.3096590515e-04
102,92,3.4313465047e-05
102,93,2.1881951365e-04
102,94,-1.1722832566e-04
102,95,-9.6195250876e-05
102,102,8.2320036037e-03
102,103,-9.9294170590e-04
102,104,-5.7178522535e-04
102,105,-2.2972131351e-04
102,106,8.2951818245e-05
102,107,-3.0296008675e-03
102,114,-1.8518784819e-04
102,115,1.0709251879e-04
102,116,4.7285092609e-05
102,117,-2.1584329377e-04
102,118,8.6228427273e-05
102,119,-9.4656542597e-05
103,6,3.2995645717e-04
103,7,5.5501637837e-04
103,8,6.7479710292e-04
103,9,-1.2689840330e-05
103,10,-2.4730557925e-05
103,11,-2.1840574001e-04
103,36,-2.1737832066e-04
103,37,3.7196866680e-04
103,38,-4.6849738528e-04
103,39,1.5246379936e-05
103,40,-2.6169117260e-05
103,41,1.9450557594e-04
103,42,1.1494237606e-04
103,43,1.3196356100e-04
103,44,5.0180733362e-05
103,45,-1.4897746408e-04
103,46,-1.6241217353e-04
103,47,9.7241589280e-05
103,78,9.4933100150e-05
103,79,1.1732566924e-04
103,80,6.1254615391e-05
103,81,1.2716991786e-04
103,82,1.5205810013e-04
103,83,9.0372947674e-05
103,90,-1.0642403422e-04
103,91,6.4803229739e-08
103,92,1.3505587187e-04
103,93,1.6374946269e-04
103,94,-7.7625950433e-06
103,95,-1.5808155480e-04
103,102,-9.9294170590e-04
103,103,7.7531862499e-03
103,104,-4.5722785391e-04
103,105,8.2951818245e-05
103,106,-4.3466879630e-04
103,107,-7.4328117946e-04
103,114,-8.5732286443e-05
103,115,-3.9280178702e-05
103,116,1.3679348665e-04
103,117,-1.4219287807e-04
103,118,-3.9205492623e-05
103,119,-1.5398091422e-04
104,6,-4.0474500047e-04
104,7,-6.8049965821e-04
104,8,-8.2654247203e-04
104,9,1.1159224825e-05
104,10,2.2909739826e-05
104,11,2.6832532924e-04
104,36,-2.7299728987e-04
104,37,4.6700300399e-04
104,38,-5.8783232552e-04
104,39,1.9012175411e-05
104,40,-3.2623773660e-05
104,41,2.4429351909e-04
104,42,-4.6078442797e-05
104,43,-3.2519617354e-05
104,44,3.5075932286e-05
104,45,8.0616744492e-05
104,46,6.5311215760e-05
104,47,-9.6509211816e-05
104,78,-4.8107168737e-05
104,79,-4.9154583475e-05
104,80,-1.7287375658e-06
104,81,-7.5390424184e-05
104,82,-7.7593895888e-05
104,83,-7.7620765744e-05
104,90,4.9241168702e-05
104,91,-1.2828431470e-04
104,92,1.0819761357e-04
104,93,-6.9968602709e-06
104,94,1.1909271591e-04
104,95,-1.1440496043e-04
104,102,-5.7178522535e-04
104,103,-4.5722785391e-04
104,104,8.5368274888e-03
104,105,-2.2808769326e-04
104,106,4.1435807293e-05
104,107,-1.4170531632e-03
104,114,5.3709238061e-05
104,115,-1.2304455571e-04
104,116,6.2574521278e-05
104,117,1.8845008276e-05
104,118,-1.2503949289e-04
104,119,-9.6203745414e-05
105,6,1.9492010194e-05
105,7,3.4576749336e-05
105,8,4.6595509607e-05
105,9,-7.1563084865e-05
105,10,-1.2068015050e-04
105,11,-5.9832762053e-06
105,36,9.5825971900e-06
105,37,-1.6444870024e-05
105,38,2.0834564289e-05
105,39,-2.4631492390e-05
105,40,4.2161096965e-05
105,41,-4.8037117910e-06
105,42,-1.3043793944e-04
105,43,-1.6747578938e-04
105,44,-1.0571555706e-04
105,45,1.5080888925e-04
105,46,1.8331258769e-04
105,47,-6.0909024770e-05
105,78,1.0848721746e-04
105,79,1.4270193694e-04
105,80,9.4778942593e-05
105,81,1.3608796750e-04
105,82,1.7300412552e-04
105,83,7.6676761842e-05
105,90,-2.2195664508e-04
105,91,1.8903268484e-04
105,92,-1.2866478757e-05
105,93,2.4014278187e-04
105,94,-1.6558353734e-04
105,95,-6.5601442398e-05
105,102,-2.2972131351e-04
105,103,8.2951818245e-05
105,104,-2.2808769326e-04
105,105,5.5451675409e-03
105,106,-1.6604400020e-03
105,107,-1.4579827576e-04
105,114,2.3249907010e-04
105,115,-1.6686177740e-04
105,116,-1.7457066181e-05
105,117,2.5547101157e-04
105,118,-1.3705886654e-04
105,119,7.8399626895e-05
106,6,-3.1385557548e-05
106,7,-5.5803182461e-05
106,8,-7.5508180749e-05
106,9,1.2064726733e-04
106,10,2.0339622427e-04
106,11,9.6635522479e-06
106,36,1.6323294351e-05
106,37,-2.8008948821e-05
106,38,3.5475663453e-05
106,39,-4.2081944447e-05
106,40,7.2020315384e-05
106,41,-8.1721476952e-06
106,42,1.4032338206e-04
106,43,1.6833184227e-04
106,44,8.0569582472e-05
106,45,-1.7436600744e-04
106,46,-1.9833061957e-04
106,47,9.7752750226e-05
106,78,-1.2840603733e-04
106,79,-1.6255258213e-04
106,80,-9.3760296319e-05
106,81,-1.6782086374e-04
106,82,-2.0542891664e-04
106,83,-1.0997287777e-04
106,90,-8.7120764372e-05
106,91,-7.4622538088e-06
106,92,1.3436460002e-04
106,93,1.3802832326e-04
106,94,-6.1939278596e-06
106,95,-1.3627133792e-04
106,102,8.2951818245e-05
106,103,-4.3466879630e-04
106,104,4.1435807293e-05
106,105,-1.6604400020e-03
106,106,3.9166764715e-03
106,107,2.2745976024e-04
106,114,7.2015974142e-05
106,115,5.4910042920e-05
106,116,-1.5714043440e-04
106,117,1.2982065151e-04
106,118,4.6524710681e-05
106,119,1.5320376767e-04
107,6,1.4580502901e-04
107,7,2.4491395245e-04
107,8,2.9688162966e-04
107,9,9.4074218153e-06
107,10,1.4925294319e-05
107,11,-1.2357715343e-04
107,36,1.1552334891e-04
107,37,-1.9769926432e-04
107,38,2.4905769811e-04
107,39,-4.0952961755e-06
107,40,7.0431702394e-06
107,41,-1.0851015107e-04
107,42,-8.2452949256e-05
107,43,-1.2155114141e-04
107,44,-1.1046384223e-04
107,45,7.9057970904e-05
107,46,1.1440634177e-04
107,47,5.0575098955e-06
107,78,-8.4860222614e-05
107,79,-1.1936301018e-04
107,80,-9.6510314627e-05
107,81,-9.8057372195e-05
107,82,-1.3436997000e-04
107,83,-3.5981420005e-05
107,90,-1.0319922398e-04
107,91,1.6249273027e-04
107,92,-1.2853649677e-04
107,93,7.1465631611e-05
107,94,-1.3285920576e-04
107,95,7.2375647181e-05
107,102,-3.0296008675e-03
107,103,-7.4328117946e-04
107,104,-1.4170531632e-03
107,105,-1.4579827576e-04
107,106,2.2745976024e-04
107,107,5.9307565780e-03
107,114,-1.3376643744e-04
107,115,1.6833933790e-04
107,116,-8.9151039421e-05
107,117,-1.1235047833e-04
107,118,1.4069454171e-04
107,119,4.3843991308e-05
108,0,-1.8294531095e-04
108,1,1.0577039430e-04
108,2,4.7196012965e-05
108,3,-2.1556949325e-04
108,4,8.7137525949e-05
108,5,-9.9112448190e-05
108,12,-2.0404922130e-04
108,13,9.0811833434e-05
108,14,5.8671871097e-05
108,15,2.3631056482e-04
108,16,-5.6920729109e-05
108,17,-1.0113402853e-04
108,54,-1.0795765629e-04
108,55,-1.2024131929e-04
108,56,-4.2013683196e-05
108,57,1.2939008416e-04
108,58,1.3353789794e-04
108,59,-6.3335143293e-05
108,66,-1.2719089542e-04
108,67,-2.1735808474e-04
108,68,-2.7301883038e-04
108,69,-9.5510082004e-06
108,70,-1.6275216878e-05
108,71,1.1551368018e-04
108,72,-9.7482919673e-05
108,73,1.6598515267e-04
108,74,-2.0695361314e-04
108,75,-3.2083664269e-06
108,76,5.6899942934e-06
108,77,8.8093331111e-05
108,90,-1.3928993447e-04
108,91,-1.4117936105e-04
108,92,-3.0146401844e-05
108,93,-1.6706112012e-04
108,94,-1.5233296747e-04
108,95,-8.2140140478e-05
108,108,8.5538046323e-03
108,109,-7.8727451487e-04
108,110,-1.2065483699e-03
108,111,2.4226190846e-04
108,112,-2.0785180813e-04
108,113,-3.4181298695e-03
109,0,-1.2753325451e-04
109,1,2.3040539989e-06
109,2,1.2524494671e-04
109,3,-1.8385218967e-04
109,4,-4.0114558375e-06
109,5,-1.5755873961e-04
109,12,-1.0928614562e-04
109,13,-5.3015014257e-05
109,14,1.3258473495e-04
109,15,1.7061504101e-04
109,16,6.7634596986e-05
109,17,-1.6823709851e-04
109,54,1.2582182458e-04
109,55,1.2879777445e-04
109,56,2.0722221811e-05
109,57,-1.6103955651e-04
109,58,-1.5344632129e-04
109,59,1.0125425092e-04
109,66,2.1769063981e-04
109,67,3.7196123065e-04
109,68,4.6707406435e-04
109,69,1.6388008663e-05
109,70,2.7921899146e-05
109,71,-1.9769785362e-04
109,72,-1.6577042562e-04
109,73,2.8221355335e-04
109,74,-3.5175128448e-04
109,75,-5.2132276296e-06
109,76,9.2612955319e-06
109,77,1.4982121697e-04
109,90,1.4091767670e-04
109,91,1.1965469129e-04
109,92,-2.2024493499e-05
109,93,1.8593860935e-04
109,94,1.4347236991e-04
109,95,1.2849067490e-04
109,108,-7.8727451487e-04
109,109,7.5014580464e-03
109,110,-3.5024449512e-04
109,111,-2.0785180813e-04
109,112,4.6825272866e-04
109,113,-4.2817355825e-04
110,0,3.3541245835e-05
110,1,-1.3073620401e-04
110,2,1.0737934083e-04
110,3,-1.2815032036e-05
110,4,-1.2863291461e-04
110,5,-1.2587330361e-04
110,12,5.8813880361e-05
110,13,-1.4791545894e-04
110,14,5.3578818287e-05
110,15,-1.5358380228e-05
110,16,1.5352837580e-04
110,17,-1.1695026886e-04
110,54,-5.5546165471e-05
110,55,-3.2311937288e-05
110,56,5.0792392041e-05
110,57,9.3255884229e-05
110,58,6.2041561781e-05
110,59,-1.0505635060e-04
110,66,-2.7430477117e-04
110,67,-4.6855776526e-04
110,68,-5.8800951554e-04
110,69,-2.0755748480e-05
110,70,-3.5353767546e-05
110,71,2.4909475125e-04
110,72,-2.0613019659e-04
110,73,3.5080518482e-04
110,74,-4.3693603305e-04
110,75,-5.8616488512e-06
110,76,1.0455455061e-05
110,77,1.8634296087e-04
110,90,-2.9499407544e-05
110,91,2.2526273537e-05
110,92,1.0856901467e-04
110,93,-7.3668418177e-05
110,94,-5.6726750950e-06
110,95,-1.2212403241e-04
110,108,-1.2065483699e-03
110,109,-3.5024449512e-04
110,110,8.4792785813e-03
110,111,2.5182165051e-04
110,112,-6.2215478478e-05
110,113,-1.5807813636e-03
111,0,2.0878971549e-04
111,1,-1.6064648654e-04
111,2,-2.2378457523e-06
111,3,2.2716271210e-04
111,4,-1.3559766169e-04
111,5,6.3419517840e-05
111,12,-2.4815787570e-04
111,13,1.5374938553e-04
111,14,2.8257952449e-05
111,15,2.6852789128e-04
111,16,-1.1098214297e-04
111,17,-7.4139544737e-05
111,54,-1.3687421888e-04
111,55,-1.6160239419e-04
111,56,-7.6065156043e-05
111,57,1.5569573371e-04
111,58,1.7097514257e-04
111,59,-5.7916100179e-05
111,66,-8.9909214767e-06
111,67,-1.5316656579e-05
111,68,-1.9115698505e-05
111,69,-2.4622748557e-05
111,70,-4.2071214928e-05
111,71,4.1444206110e-06
111,72,-7.3085586681e-06
111,73,1.2641313705e-05
111,74,-1.6265735026e-05
111,75,-1.6459500988e-05
111,76,2.8049265931e-05
111,77,5.4109829736e-06
111,90,1.6678173892e-04
111,91,1.8605092286e-04
111,92,7.4640036930e-05
111,93,1.8753190386e-04
111,94,1.9012406604e-04
111,95,6.4821446703e-05
111,108,2.4226190846e-04
111,109,-2.0785180813e-04
111,110,2.5182165051e-04
111,111,5.5221776864e-03
111,112,-1.1725952763e-03
111,113,1.0976427428e-04
112,0,1.0966350728e-04
112,1,-9.7196343084e-06
112,2,-1.1162602492e-04
112,3,1.5439054468e-04
112,4,-9.4109960507e-06
112,5,1.2262561255e-04
112,12,-9.3260451954e-05
112,13,-5.8926926552e-05
112,14,1.4604312056e-04
112,15,1.5147274560e-04
112,16,6.3439433520e-05
112,17,-1.5512390613e-04
112,54,1.5057002645e-04
112,55,1.6399287076e-04
112,56,4.8498278737e-05
112,57,-1.8370900722e-04
112,58,-1.8611420190e-04
112,59,9.6323537615e-05
112,66,1.5430969896e-05
112,67,2.6284211271e-05
112,68,3.2794396394e-05
112,69,4.2148620492e-05
112,70,7.2006212647e-05
112,71,-7.1247184230e-06
112,72,-1.2215205155e-05
112,73,2.1130448034e-05
112,74,-2.7194287720e-05
112,75,-2.7964301450e-05
112,76,4.7647009838e-05
112,77,9.0461616005e-06
112,90,-1.5169042178e-04
112,91,-1.4320455935e-04
112,92,-6.4047859333e-06
112,93,-1.8955059430e-04
112,94,-1.6262663931e-04
112,95,-1.0851631736e-04
112,108,-2.0785180813e-04
112,109,4.6825272866e-04
112,110,-6.2215478478e-05
112,111,-1.1725952763e-03
112,112,3.1890161345e-03
112,113,-2.5081576782e-04
113,0,-8.4249224368e-05
113,1,1.5061751479e-04
113,2,-1.1870359317e-04
113,3,-5.1141522962e-05
113,4,1.2868739770e-04
113,5,7.9220312415e-05
113,12,-1.2810864541e-04
113,13,1.7478395578e-04
113,14,-8.9533552234e-05
113,15,9.7058127115e-05
113,16,-1.4569218396e-04
113,17,6.7609980359e-05
113,54,-8.1383855797e-05
113,55,-1.1659559427e-04
113,56,-9.7072868481e-05
113,57,7.3862800492e-05
113,58,1.0476241399e-04
113,59,1.5061630000e-05
113,66,1.1380258718e-04
113,67,1.9448623356e-04
113,68,2.4430944794e-04
113,69,4.7603986753e-06
113,70,8.1020307254e-06
113,71,-1.0849899200e-04
113,72,9.2551196847e-05
113,73,-1.5755484012e-04
113,74,1.9635759591e-04
113,75,3.2704038223e-07
113,76,-7.4218286603e-07
113,77,-8.6535210649e-05
113,90,-8.1496007592e-05
113,91,-1.2813475074e-04
113,92,-1.2289988315e-04
113,93,-6.4269709741e-05
113,94,-1.0844016131e-04
113,95,4.0588755881e-05
113,108,-3.4181298695e-03
113,109,-4.2817355825e-04
113,110,-1.5807813636e-03
113,111,1.0976427428e-04
113,112,-2.5081576782e-04
113,113,6.2084789436e-03
114,24,-1.7076161909e-04
114,25,2.8879765350e-04
114,26,-3.5509115332e-04
114,27,9.4652831237e-05
114,28,-1.5879505162e-04
114,29,4.4037037958e-05
114,36,-1.0799624741e-04
114,37,1.2585789456e-04
114,38,-5.5546576648e-05
114,39,1.3691097249e-04
114,40,-1.5059471819e-04
114,41,-8.1382604960e-05
114,78,-1.5827943181e-04
114,79,-2.6790671512e-04
114,80,-3.2997109756e-04
114,81,6.7286570579e-05
114,82,1.1518383693e-04
114,83,4.4154666777e-05
114,102,-1.8518784819e-04
114,103,-8.5732286443e-05
114,104,5.3709238061e-05
114,105,2.3249907010e-04
114,106,7.2015974142e-05
114,107,-1.3376643744e-04
114,114,8.6844290165e-03
114,115,3.3310348758e-04
114,116,-2.0019533968e-04
114,117,-2.2426225938e-03
114,118,3.2183892240e-04
114,119,-8.9139204252e-04
115,24,-2.8921872828e-04
115,25,4.8904127770e-04
115,26,-6.0105478623e-04
115,27,1.6151825025e-04
115,28,-2.7093602362e-04
115,29,7.3092093513e-05
115,36,-1.2027563446e-04
115,37,1.2881930044e-04
115,38,-3.2287754347e-05
115,39,1.6164022334e-04
115,40,-1.6400715798e-04
115,41,-1.1660770323e-04
115,78,2.6768944586e-04
115,79,4.5300678383e-04
115,80,5.5772081886e-04
115,81,-1.1246290871e-04
115,82,-1.9250623728e-04
115,83,-7.5945646340e-05
115,102,1.0709251879e-04
115,103,-3.9280178702e-05
115,104,-1.2304455571e-04
115,105,-1.6686177740e-04
115,106,5.4910042920e-05
115,107,1.6833933790e-04
115,114,3.3310348758e-04
115,115,8.5340520892e-03
115,116,8.4160899114e-05
115,117,3.2183892240e-04
115,118,-3.2999201587e-03
115,119,2.9232364396e-04
116,24,-3.5669246159e-04
116,25,6.0288706212e-04
116,26,-7.4033958310e-04
116,27,2.0227701228e-04
116,28,-3.3921084507e-04
116,29,8.6321835163e-05
116,36,-4.2013484409e-05
116,37,2.0699273450e-05
116,38,5.0843644229e-05
116,39,7.6078151353e-05
116,40,-4.8483442641e-05
116,41,-9.7107201989e-05
116,78,-3.2914520023e-04
116,79,-5.5677600022e-04
116,80,-6.8487725450e-04
116,81,1.3487433031e-04
116,82,2.3083694588e-04
116,83,9.6609162977e-05
116,102,4.7285092609e-05
116,103,1.3679348665e-04
116,104,6.2574521278e-05
116,105,-1.7457066181e-05
116,106,-1.5714043440e-04
116,107,-8.9151039421e-05
116,114,-2.0019533968e-04
116,115,8.4160899114e-05
116,116,9.1941208777e-03
116,117,-1.1740402641e-03
116,118,-1.8727238282e-04
116,119,-6.3431905090e-04
117,24,8.8119980325e-05
117,25,-1.4770662032e-04
117,26,1.7823168127e-04
117,27,-1.3036402588e-04
117,28,2.1907852261e-04
117,29,7.8314020542e-05
117,36,-1.2941992634e-04
117,37,1.6107196535e-04
117,38,-9.3267683669e-05
117,39,1.5571137677e-04
117,40,-1.8371691702e-04
117,41,-7.3829487301e-05
117,78,8.6255950512e-05
117,79,1.4716959242e-04
117,80,1.8425359981e-04
117,81,-1.1852297107e-04
117,82,-2.0181688179e-04
117,83,5.3746754938e-05
117,102,-2.1584329377e-04
117,103,-1.4219287807e-04
117,104,1.8845008276e-05
117,105,2.5547101157e-04
117,106,1.2982065151e-04
117,107,-1.1235047833e-04
117,114,-2.2426225938e-03
117,115,3.2183892240e-04
117,116,-1.1740402641e-03
117,117,7.9214444216e-03
117,118,5.9585619094e-04
117,119,-3.1970137896e-03
118,24,1.5049594810e-04
118,25,-2.5223097294e-04
118,26,3.0427889106e-04
118,27,-2.2211049436e-04
118,28,3.7319383012e-04
118,29,1.3360304021e-04
118,36,-1.3355123974e-04
118,37,1.5345076071e-04
118,38,-6.2023374357e-05
118,39,1.7097725902e-04
118,40,-1.8609798630e-04
118,41,-1.0473435819e-04
118,78,-1.4466525437e-04
118,79,-2.4679507431e-04
118,80,-3.0889807607e-04
118,81,1.9920743287e-04
118,82,3.3914143529e-04
118,83,-8.9929642089e-05
118,102,8.6228427273e-05
118,103,-3.9205492623e-05
118,104,-1.2503949289e-04
118,105,-1.3705886654e-04
118,106,4.6524710681e-05
118,107,1.4069454171e-04
118,114,3.2183892240e-04
118,115,-3.2999201587e-03
118,116,-1.8727238282e-04
118,117,5.9585619094e-04
118,118,7.2551616527e-03
118,119,2.6876623854e-04
119,24,4.5918768443e-05
119,25,-7.9187998259e-05
119,26,1.0125669528e-04
119,27,6.8612636141e-05
119,28,-1.1497331455e-04
119,29,-1.6734713297e-04
119,36,-6.3320209525e-05
119,37,1.0125039240e-04
119,38,-1.0508233943e-04
119,39,5.7872492425e-05
119,40,-9.6286772912e-05
119,41,1.5133795709e-05
119,78,4.1342108312e-05
119,79,6.8549282184e-05
119,80,8.0777437213e-05
119,81,8.2170165584e-05
119,82,1.3989241113e-04
119,83,-1.4868016114e-04
119,102,-9.4656542597e-05
119,103,-1.5398091422e-04
119,104,-9.6203745414e-05
119,105,7.8399626895e-05
119,106,1.5320376767e-04
119,107,4.3843991308e-05
119,114,-8.9139204252e-04
119,115,2.9232364396e-04
119,116,-6.3431905090e-04
119,117,-3.1970137896e-03
119,118,2.6876623854e-04
119,119,8.7072993730e-03
